"Ativo","Data","Fechamento|ajust p/ prov|Em moeda orig|ABEV3","Fechamento|ajust p/ prov|Em moeda orig|BBDC4","Fechamento|ajust p/ prov|Em moeda orig|ITUB4","Fechamento|ajust p/ prov|Em moeda orig|PETR4","Fechamento|ajust p/ prov|Em moeda orig|VALE3","Fechamento|ajust p/ prov|Em moeda orig|IBOV"
"VALE3<XBSP>","2016-12-30","-","-","-","-","-","-"
"VALE3<XBSP>","2017-01-02",11.00502529,8.9511676912,9.3925371053,3.6827852111,12.464374078,59588
"VALE3<XBSP>","2017-01-03",11.227689811,9.3302802438,9.7903123123,3.8938042818,13.016467264,61813
"VALE3<XBSP>","2017-01-04",11.139973485,9.2711884689,9.8323308201,3.8938042818,12.782698077,61589
"VALE3<XBSP>","2017-01-05",11.200700172,9.3738215516,9.966790045,3.9566075767,13.2701317,62070
"VALE3<XBSP>","2017-01-06",11.106236436,9.4329133265,10.000404851,3.9339983906,12.916991014,61665
"VALE3<XBSP>","2017-01-09",11.153468304,9.4453537001,10.048025826,3.8510980413,13.180603076,61700
"VALE3<XBSP>","2017-01-10",11.025267519,9.4453537001,10.01441102,3.8887800182,14.195260822,62131
"VALE3<XBSP>","2017-01-11",11.072499387,9.5168858487,10.034019657,3.9339983906,14.488715758,62446
"VALE3<XBSP>","2017-01-12",11.423364694,9.7408125745,10.288931937,3.9942895536,14.956254132,63953
"VALE3<XBSP>","2017-01-13",11.544818069,9.6630602392,10.078839399,3.9390226541,15.41384488,63651
"VALE3<XBSP>","2017-01-16",11.504333611,9.6817207997,10.0872431,3.9566075767,15.826671316,63831
"VALE3<XBSP>","2017-01-17",11.605544757,9.9585191136,10.358962784,3.9741924993,15.204944756,64354
"VALE3<XBSP>","2017-01-18",11.646029215,9.8589961243,10.277727002,3.9666561039,15.970911878,64149
"VALE3<XBSP>","2017-01-19",11.673018854,9.8496658441,10.221702325,3.9616318403,15.652587879,63950
"VALE3<XBSP>","2017-01-20",11.706755903,9.8030144428,10.252515897,4.0194108716,15.965938066,64521
"VALE3<XBSP>","2017-01-23",11.700008493,10.026941168,10.597067661,4.0168987398,16.567769376,65748
"VALE3<XBSP>","2017-01-24",11.72033277,9.9896200477,10.571856557,4.0294593988,16.975622,65840
"VALE3<XBSP>","2017-01-25","-","-","-","-","-","-"
"VALE3<XBSP>","2017-01-26",11.727107529,10.213546773,10.714719483,3.9691682357,16.712009938,66190
"VALE3<XBSP>","2017-01-27",11.733882288,10.244647707,10.658694806,3.9239498634,16.761748063,66033
"VALE3<XBSP>","2017-01-30",11.496765729,10.064262289,10.431794864,3.7280035834,16.040545253,64301
"VALE3<XBSP>","2017-01-31",11.652585182,10.170005465,10.431794864,3.7732219557,16.005728566,64670
"VALE3<XBSP>","2017-02-01",11.733882288,10.086032943,10.542488188,3.7732219557,16.358869252,64836
"VALE3<XBSP>","2017-02-02",11.625486146,9.7091722951,10.511662199,3.7405642424,16.244471565,64578
"VALE3<XBSP>","2017-02-03",11.754206564,9.945677774,10.730246483,3.8536101731,15.224840006,64953
"VALE3<XBSP>","2017-02-06",11.564513317,9.740291437,10.65178033,3.7581491649,14.881646945,63992
"VALE3<XBSP>","2017-02-07",11.530639523,9.724731866,10.859155164,3.6928337383,15.040808944,64198
"VALE3<XBSP>","2017-02-08",11.48999097,9.9052228895,11.139391426,3.79331901,15.214892381,64835
"VALE3<XBSP>","2017-02-09",11.442567658,9.9643492592,11.189833953,3.7807583511,15.458609192,64964
"VALE3<XBSP>","2017-02-10",11.611936629,10.11372114,11.226264668,3.9139013362,16.31410494,66124
"VALE3<XBSP>","2017-02-13",11.686458976,10.141728368,11.173019778,3.9239498634,17.811222497,66967
"VALE3<XBSP>","2017-02-14",11.77453084,10.079490084,11.209450492,3.9741924993,17.109914937,66712
"VALE3<XBSP>","2017-02-15",12.208115405,10.297324078,11.680247413,3.9792167629,16.821433813,67975
"VALE3<XBSP>","2017-02-16",12.174241611,10.263093022,11.45325604,3.9842410264,16.79656475,67814
"VALE3<XBSP>","2017-02-17",12.126818299,10.241309622,11.447651315,3.9214377316,16.945779125,67748
"VALE3<XBSP>","2017-02-20",12.086169747,10.281764507,11.500896205,3.9993138172,18.119598871,68532
"VALE3<XBSP>","2017-02-21",12.2419892,10.571172527,11.66810573,4.0420200577,17.67692956,69052
"VALE3<XBSP>","2017-02-22",12.384259135,10.63963464,11.702381683,3.9440469177,17.254155499,68589
"VALE3<XBSP>","2017-02-23",12.282637752,10.477815101,11.525289258,3.9088770726,16.498136001,67461
"VALE3<XBSP>","2017-02-24",12.086169747,10.400017246,11.433886716,3.8134160644,16.27431444,66662
"VALE3<XBSP>","2017-02-27","-","-","-","-","-","-"
"VALE3<XBSP>","2017-02-28","-","-","-","-","-","-"
"VALE3<XBSP>","2017-03-01",12.133593058,10.30665982,11.415313615,3.8988285454,16.498136001,66988
"VALE3<XBSP>","2017-03-02",11.65935994,10.275203626,11.298160209,3.7958311418,15.647614067,65854
"VALE3<XBSP>","2017-03-03",11.781305599,10.518072076,11.50389302,3.8485859095,15.826671316,66785
"VALE3<XBSP>","2017-03-06",11.686458976,10.415320039,11.458174617,3.79331901,15.468556817,66341
"VALE3<XBSP>","2017-03-07",11.395144346,10.275203626,11.266728807,3.8134160644,15.379028193,65742
"VALE3<XBSP>","2017-03-08",11.598387111,10.100836534,11.1381458,3.6551517613,14.981123194,64718
"VALE3<XBSP>","2017-03-09",11.72033277,10.01053929,11.172434602,3.6425911024,15.010966069,64585
"VALE3<XBSP>","2017-03-10",11.72033277,9.9544927256,11.178149402,3.5948605983,14.747354008,64675
"VALE3<XBSP>","2017-03-13",11.760981323,10.079040648,11.381024813,3.609933389,15.423792505,65534
"VALE3<XBSP>","2017-03-14",11.584837593,9.9949708005,11.269586207,3.413987109,15.503373505,64699
"VALE3<XBSP>","2017-03-15",11.72033277,10.17245159,11.378167413,3.5672271485,16.572743189,66234
"VALE3<XBSP>","2017-03-16",11.706783252,10.125746119,11.232440005,3.4441326906,16.179812003,65782
"VALE3<XBSP>","2017-03-17",11.65935994,9.8143763125,10.909553788,3.3059654419,15.568033067,64209
"VALE3<XBSP>","2017-03-20",11.95067457,9.9887434044,11.029564594,3.4164992408,15.732168879,64884
"VALE3<XBSP>","2017-03-21",11.801629876,9.6929420879,10.792400382,3.2657713332,14.443951446,62980
"VALE3<XBSP>","2017-03-22",11.727107529,9.7303064647,10.880979786,3.4315720316,14.623008695,63521
"VALE3<XBSP>","2017-03-23",11.815179393,9.7396475589,10.820974383,3.4089628455,14.543427696,63530
"VALE3<XBSP>","2017-03-24",11.943899811,9.879763972,10.938127789,3.3863536593,14.424056196,63853
"VALE3<XBSP>","2017-03-27",12.052295952,9.9638338198,11.018134994,3.4592054813,14.618034883,64308
"VALE3<XBSP>","2017-03-28",12.153917335,10.019880385,10.980988792,3.5044238537,14.826935007,64640
"VALE3<XBSP>","2017-03-29",12.316511547,10.228498155,11.143860601,3.6300304434,14.976149382,65528
"VALE3<XBSP>","2017-03-30",12.377484376,10.163110496,11.012420193,3.6300304434,14.971175569,65265
"VALE3<XBSP>","2017-03-31",12.3571601,10.082154346,10.829546584,3.6400789706,14.816987382,64984
"VALE3<XBSP>","2017-04-03",12.194565888,10.131973515,11.011063334,3.6852973429,14.677720633,65211
"VALE3<XBSP>","2017-04-04",12.269088235,10.209541985,11.068233964,3.7305157152,15.244735256,65768
"VALE3<XBSP>","2017-04-05",12.113268782,10.000802494,10.865278227,3.6601760249,14.647877758,64774
"VALE3<XBSP>","2017-04-06",12.18101637,9.8948749913,10.779522282,3.6501274977,14.379291884,64222
"VALE3<XBSP>","2017-04-07",12.228439682,9.9166835949,10.862419696,3.6928337383,14.498663383,64593
"VALE3<XBSP>","2017-04-10",12.194565888,9.9789938908,10.842409975,3.7531249013,14.438977634,64649
"VALE3<XBSP>","2017-04-11",11.937125052,10.003918009,10.822400255,3.6878094747,14.254946572,64359
"VALE3<XBSP>","2017-04-12",11.970998846,9.9042215357,10.808107597,3.6802730793,13.638193824,63891
"VALE3<XBSP>","2017-04-13",12.031971676,9.6020166005,10.610868924,3.537081567,13.638193824,62826
"VALE3<XBSP>","2017-04-14","-","-","-","-","-","-"
"VALE3<XBSP>","2017-04-17",12.235214441,10.031957642,11.085385153,3.5873242029,13.643167637,64334
"VALE3<XBSP>","2017-04-18",12.302962029,9.9727628612,11.045365712,3.5421058306,13.235315013,64158
"VALE3<XBSP>","2017-04-19",12.262313476,9.8730663877,10.948175641,3.4164992408,13.265157888,63406
"VALE3<XBSP>","2017-04-20",12.18101637,9.701713074,10.788097877,3.4868389311,13.95154401,63760
"VALE3<XBSP>","2017-04-21","-","-","-","-","-","-"
"VALE3<XBSP>","2017-04-24",12.214890164,9.8792974173,10.996770676,3.524520908,14.108600067,64389
"VALE3<XBSP>","2017-04-25",12.41135817,9.9696473464,11.068233964,3.6023969936,14.571177118,65148
"VALE3<XBSP>","2017-04-26",12.336835823,10.137885145,11.088243684,3.5169845126,14.252512927,64861
"VALE3<XBSP>","2017-04-27",12.330061064,10.43385905,11.151131377,3.4491569542,13.789935876,64676
"VALE3<XBSP>","2017-04-28",12.370709617,10.408934932,11.222594665,3.5094481172,14.118879557,65403
"VALE3<XBSP>","2017-05-01","-","-","-","-","-","-"
"VALE3<XBSP>","2017-05-02",12.580727141,10.689019712,11.452794402,3.5144723808,14.422124513,66721
"VALE3<XBSP>","2017-05-03",12.573952382,10.681809854,11.264059214,3.5571786213,13.52780888,66093
"VALE3<XBSP>","2017-05-04",12.892366047,10.524068841,10.895167709,3.4164992408,13.029253614,64862
"VALE3<XBSP>","2017-05-05",12.804294182,10.537785451,11.066745153,3.5697392803,13.389035765,65709
"VALE3<XBSP>","2017-05-08",12.797519423,10.530927146,11.092481769,3.537081567,13.378756275,65526
"VALE3<XBSP>","2017-05-09",12.838167976,10.623514262,11.12107801,3.5521543578,13.620324291,66277
"VALE3<XBSP>","2017-05-10",13.000762188,10.781255275,11.175410868,3.7003701336,13.651162761,67349
"VALE3<XBSP>","2017-05-11",13.231103988,10.846409171,11.36700568,3.7229793198,13.52780888,67537
"VALE3<XBSP>","2017-05-12",13.339500129,10.956142049,11.475671395,3.8812436229,13.317079335,68221
"VALE3<XBSP>","2017-05-15",13.373373924,10.973287811,11.524285004,3.9390226541,13.697420466,68474
"VALE3<XBSP>","2017-05-16",13.427571994,10.990433573,11.509986884,3.9440469177,14.010944912,68684
"VALE3<XBSP>","2017-05-17",13.305626335,10.77439697,11.27549771,3.9214377316,13.795075621,67540
"VALE3<XBSP>","2017-05-18",12.736546594,9.3615861644,9.9171762769,3.3034533101,13.805355111,61597
"VALE3<XBSP>","2017-05-19",12.614600935,9.5158980242,10.174542443,3.4215235044,14.005805167,62639
"VALE3<XBSP>","2017-05-22",12.580727141,9.2449949814,9.9743687583,3.3662566049,14.350168083,61673
"VALE3<XBSP>","2017-05-23",12.797519423,9.3067197253,10.131648082,3.3888657911,14.524919413,62662
"VALE3<XBSP>","2017-05-24",12.777195147,9.413023451,10.21457718,3.5019117219,14.144578282,63257
"VALE3<XBSP>","2017-05-25",12.8178437,9.3478695546,10.022982367,3.451669086,14.237093692,63226
"VALE3<XBSP>","2017-05-26",12.892366047,9.5639061584,10.294646654,3.4365962952,14.319329613,64085
"VALE3<XBSP>","2017-05-29",12.790744664,9.46788989,10.243173421,3.4089628455,14.422124513,63760
"VALE3<XBSP>","2017-05-30",12.729771835,9.6187725975,10.274629285,3.3562080778,14.699670744,63962
"VALE3<XBSP>","2017-05-31",12.675573764,9.4370275181,10.165963571,3.255722806,13.964687207,62711
"VALE3<XBSP>","2017-06-01",12.567177623,9.3855902315,10.050099908,3.2205529609,13.707699956,62288
"VALE3<XBSP>","2017-06-02",12.580727141,9.25484024,10.150228999,3.2783319921,13.764237151,62510
"VALE3<XBSP>","2017-06-05",12.811068941,9.2479771771,10.138785674,3.3109897055,13.615184546,62450
"VALE3<XBSP>","2017-06-06",12.919465082,9.3715123083,10.301853051,3.3109897055,13.661442251,62954
"VALE3<XBSP>","2017-06-07",12.763645629,9.5224996907,10.47064209,3.2331136198,13.594625565,63170
"VALE3<XBSP>","2017-06-08",12.553628106,9.3783753711,10.361930506,3.2255772244,13.887591031,62755
"VALE3<XBSP>","2017-06-09",12.269088235,9.1862096116,10.198863129,3.2280893562,14.031503892,62210
"VALE3<XBSP>","2017-06-12",12.248763958,9.0386537605,10.198863129,3.2406500152,13.795075621,61700
"VALE3<XBSP>","2017-06-13",12.458781482,8.9665916007,10.324739701,3.2506985424,13.553507605,61828
"VALE3<XBSP>","2017-06-14",12.316511547,9.3131762741,10.416286298,3.170310325,13.41473449,61922
"VALE3<XBSP>","2017-06-15","-","-","-","-","-","-"
"VALE3<XBSP>","2017-06-16",12.045521194,9.2685663657,10.341904688,3.0848978439,13.137188259,61626
"VALE3<XBSP>","2017-06-19",12.106494023,9.2925870856,10.39626048,3.0874099757,13.563787095,62014
"VALE3<XBSP>","2017-06-20",12.2419892,9.0764006062,10.167393986,2.9793883086,13.214284434,60766
"VALE3<XBSP>","2017-06-21",12.282637752,9.0249276348,10.178837311,2.9241214091,13.604905055,60761
"VALE3<XBSP>","2017-06-22",12.330061064,9.1381681717,10.187419804,3.0246066809,13.887591031,61272
"VALE3<XBSP>","2017-06-23",12.3571601,9.0626744805,10.15308983,2.9969732311,14.000665422,61087
"VALE3<XBSP>","2017-06-26",12.487019636,9.4710267195,10.439172948,3.0823857121,14.118879557,62188
"VALE3<XBSP>","2017-06-27",12.500689061,9.3646492454,10.344765519,3.0673129214,14.350168083,61675
"VALE3<XBSP>","2017-06-28",12.507523773,9.4435744681,10.341904688,3.034655208,14.797325899,62017
"VALE3<XBSP>","2017-06-29",12.473350211,9.4881843765,10.44489461,3.059776526,14.853863094,62238
"VALE3<XBSP>","2017-06-30",12.514358486,9.6597609476,10.513554558,3.1075070301,14.905260544,62899
"VALE3<XBSP>","2017-07-03",12.493854348,9.7425878553,10.612293535,3.1049948983,15.23934397,63279
"VALE3<XBSP>","2017-07-04",12.466515499,9.7560620103,10.569363545,3.1225798209,15.223924735,63231
"VALE3<XBSP>","2017-07-05",12.452846074,9.7595191549,10.597983538,3.0673129214,14.869282329,63154
"VALE3<XBSP>","2017-07-06",12.152118726,9.617776227,10.449159573,3.0572643942,14.864142584,62470
"VALE3<XBSP>","2017-07-07",12.316151825,9.6281476608,10.348989596,2.9969732311,14.848723349,62322
"VALE3<XBSP>","2017-07-10",12.514358486,9.7353191428,10.431987577,3.0095338901,15.27018244,63025
"VALE3<XBSP>","2017-07-11",12.657887447,9.9047192273,10.58939754,3.0974585029,15.439794026,63832
"VALE3<XBSP>","2017-07-12",12.746738709,10.167462215,10.703877514,3.2506985424,15.367837596,64835
"VALE3<XBSP>","2017-07-13",12.767242846,10.257347974,10.732497507,3.2331136198,14.997775955,65178
"VALE3<XBSP>","2017-07-14",12.815085833,10.267719408,10.755393502,3.2783319921,15.172527285,65436
"VALE3<XBSP>","2017-07-17",12.876598245,10.198576516,10.652361526,3.2381378834,15.275322186,65212
"VALE3<XBSP>","2017-07-18",12.815085833,10.326490866,10.663809523,3.2506985424,15.367837596,65337
"VALE3<XBSP>","2017-07-19",12.86292882,10.198576516,10.509261559,3.3235503644,15.367837596,65179
"VALE3<XBSP>","2017-07-20",12.835589971,10.164005071,10.520709556,3.2908926511,14.761347684,64938
"VALE3<XBSP>","2017-07-21",12.856094108,10.122519336,10.523571556,3.1878952475,14.648273294,64684
"VALE3<XBSP>","2017-07-24",12.86292882,10.20894795,10.58939754,3.2356257516,14.97207723,65099
"VALE3<XBSP>","2017-07-25",12.903937095,10.37489089,10.615155534,3.3210382326,15.732759492,65667
"VALE3<XBSP>","2017-07-26",12.869763533,10.285005131,10.566501546,3.2607470696,15.244483715,65010
"VALE3<XBSP>","2017-07-27",13.061135481,10.271176553,10.577949543,3.2657713332,15.265042695,65277
"VALE3<XBSP>","2017-07-28",13.054300769,10.285005131,10.618017534,3.2984290465,15.593986376,65497
"VALE3<XBSP>","2017-07-31",13.088474331,10.437119492,10.680981519,3.3386231552,16.087401898,65920
"VALE3<XBSP>","2017-08-01",13.149986743,10.565033842,11.023127958,3.2959169147,15.964048018,66516
"VALE3<XBSP>","2017-08-02",13.259342142,10.709969482,11.137653963,3.3938900547,15.989746743,67135
"VALE3<XBSP>","2017-08-03",13.163656168,10.70651019,11.111885612,3.3436474188,15.768737707,66777
"VALE3<XBSP>","2017-08-04",13.163656168,10.716888067,11.083254111,3.3662566049,16.051423683,66897
"VALE3<XBSP>","2017-08-07",13.22516858,10.841422596,11.257906268,3.4039385819,16.66305334,67939
"VALE3<XBSP>","2017-08-08",13.25250743,10.955579247,11.395337474,3.3888657911,16.472882775,67898
"VALE3<XBSP>","2017-08-09",13.273011567,10.962497832,11.323758721,3.3964021865,16.406066089,67671
"VALE3<XBSP>","2017-08-10",13.259342142,10.858719058,11.180601215,3.3135018373,16.190196799,66992
"VALE3<XBSP>","2017-08-11",13.341358692,10.955579247,11.237864217,3.2532106742,15.830414647,67358
"VALE3<XBSP>","2017-08-14",13.471218228,11.173514673,11.441147876,3.2858683875,16.087401898,68284
"VALE3<XBSP>","2017-08-15",13.519061215,11.201189013,11.490023131,3.3034533101,15.994886488,68355
"VALE3<XBSP>","2017-08-16",13.539565353,11.201189013,11.513159347,3.2984290465,16.308410934,68594
"VALE3<XBSP>","2017-08-17",13.525895928,11.107788116,11.420614484,3.2783319921,16.036004448,67976
"VALE3<XBSP>","2017-08-18",13.50539179,11.336101419,11.530511509,3.4164992408,16.215895524,68714
"VALE3<XBSP>","2017-08-21",13.491722365,11.332642126,11.446642727,3.3511838142,16.318690424,68634
"VALE3<XBSP>","2017-08-22",13.498557078,11.588629769,11.689572992,3.4642297449,16.375227619,70011
"VALE3<XBSP>","2017-08-23",13.56006949,11.692408543,11.816822179,3.4566933496,16.72473028,70477
"VALE3<XBSP>","2017-08-24",13.53273064,11.73046076,11.915151095,3.4667418767,17.413456112,71132
"VALE3<XBSP>","2017-08-25",13.566904202,11.740838638,11.880446772,3.4868389311,17.387757387,71073
"VALE3<XBSP>","2017-08-28",13.566904202,11.560955429,11.776333801,3.4843267993,17.660163873,71016
"VALE3<XBSP>","2017-08-29",13.601077765,11.7581351,11.883338799,3.4793025357,17.701281833,71329.85
"VALE3<XBSP>","2017-08-30",13.58740834,11.640519156,11.819714206,3.3788172639,17.649884383,70886.26
"VALE3<XBSP>","2017-08-31",13.573738915,11.616304109,11.669328803,3.4290598998,18.030225514,70835.05
"VALE3<XBSP>","2017-09-01",13.50539179,11.858454582,11.913795962,3.5220087762,18.33347047,71923.11
"VALE3<XBSP>","2017-09-04",13.484887653,11.854638533,11.85304081,3.5596907531,18.554479506,72128.83
"VALE3<XBSP>","2017-09-05",13.546400065,11.685039325,11.858827015,3.6199819162,18.297492255,72150.88
"VALE3<XBSP>","2017-09-06",13.758276151,11.86156095,12.177068286,3.7732219557,18.400287155,73412.41
"VALE3<XBSP>","2017-09-07","-","-","-","-","-","-"
"VALE3<XBSP>","2017-09-08",13.737772013,11.768108325,12.162602774,3.6953458701,17.721840813,73078.85
"VALE3<XBSP>","2017-09-11",13.847127413,12.221526617,12.368013049,3.7656855603,18.035365259,74319.22
"VALE3<XBSP>","2017-09-12",14.359730846,12.204220575,12.33329582,3.7355399788,18.122740925,74538.55
"VALE3<XBSP>","2017-09-13",14.475920957,12.2561387,12.420088894,3.7757340875,17.870893419,74787.57
"VALE3<XBSP>","2017-09-14",14.48275567,12.162686075,12.391157869,3.7782462193,17.279822742,74656.68
"VALE3<XBSP>","2017-09-15",14.667292906,12.4222767,12.622606066,3.7782462193,17.372338152,75756.52
"VALE3<XBSP>","2017-09-18",14.489590382,12.529574158,12.712292243,3.7782462193,17.603626678,75990.41
"VALE3<XBSP>","2017-09-19",14.626284631,12.56764745,12.666002603,3.8033675372,17.434015092,75974.18
"VALE3<XBSP>","2017-09-20",14.680962331,12.494962075,12.53291989,3.9867531582,17.048534216,76004.15
"VALE3<XBSP>","2017-09-21",14.598945781,12.498423283,12.550278505,3.9365105223,16.709311045,75604.34
"VALE3<XBSP>","2017-09-22",14.708301181,12.467272408,12.593675042,3.9415347859,16.400926344,75389.75
"VALE3<XBSP>","2017-09-25",14.694631756,12.2561387,12.469271636,3.9792167629,15.979467253,74443.47
"VALE3<XBSP>","2017-09-26",14.475920957,12.242293867,12.492416455,3.9088770726,16.190196799,74318.72
"VALE3<XBSP>","2017-09-27",14.421243258,12.114229158,12.501095763,3.8460737777,16.411205834,73796.71
"VALE3<XBSP>","2017-09-28",14.393904408,11.961935992,12.434554406,3.8536101731,16.318690424,73567.25
"VALE3<XBSP>","2017-09-29",14.380234983,12.1315352,12.541599197,3.8435616459,16.380367364,74293.51
"VALE3<XBSP>","2017-10-02",14.14785476,12.252677492,12.563304977,3.8686829639,16.395786599,74359.83
"VALE3<XBSP>","2017-10-03",14.639954056,12.778708276,12.994526456,4.014386608,16.796686711,76762.91
"VALE3<XBSP>","2017-10-04",14.489590382,12.695594727,12.8787623,3.9339983906,16.760708495,76591.44
"VALE3<XBSP>","2017-10-05",14.51009452,12.70598392,13.084243676,3.9942895536,16.585957165,76617.53
"VALE3<XBSP>","2017-10-06",14.400739121,12.574387467,12.93085617,3.9415347859,16.51914048,76054.72
"VALE3<XBSP>","2017-10-09",14.400739121,12.567461337,12.777468664,3.9917774218,16.190196799,75726.81
"VALE3<XBSP>","2017-10-10",14.73564003,12.83411731,13.095820092,4.0671413757,16.097681388,76897.21
"VALE3<XBSP>","2017-10-11",14.783483017,12.778708276,13.023467495,4.0395079259,15.984606998,76659.8
"VALE3<XBSP>","2017-10-12","-","-","-","-","-","-"
"VALE3<XBSP>","2017-10-13",15.12521864,12.681742468,12.916385651,4.0395079259,16.914900846,76989.79
"VALE3<XBSP>","2017-10-16",14.981689678,12.647111823,12.849821261,4.0495564531,17.141049627,76891.84
"VALE3<XBSP>","2017-10-17",14.865499567,12.615944241,12.829562534,4.0520685849,16.74528926,76201.25
"VALE3<XBSP>","2017-10-18",14.886003704,12.560535208,12.852715365,4.0596049803,16.585957165,76591.09
"VALE3<XBSP>","2017-10-19",14.920177266,12.50858924,12.760104041,4.0570928485,16.961158551,76283.16
"VALE3<XBSP>","2017-10-20",14.715135893,12.446254077,12.734057106,4.0746777711,16.935459826,76390.51
"VALE3<XBSP>","2017-10-23",14.557937507,12.328509882,12.615398847,4.0696535075,16.812105946,75413.13
"VALE3<XBSP>","2017-10-24",14.571606932,12.494736981,12.708010171,4.1475295931,17.387757387,76350.19
"VALE3<XBSP>","2017-10-25",14.48275567,12.532830692,12.794833288,4.2002843608,17.243844527,76671.13
"VALE3<XBSP>","2017-10-26",14.380234983,12.418549561,12.716692483,4.2027964926,16.791546966,75896.35
"VALE3<XBSP>","2017-10-27",14.291383721,12.394308109,12.638551678,4.2781604464,16.729870025,75975.71
"VALE3<XBSP>","2017-10-30",14.325557284,12.172671976,12.47648186,4.2153571516,16.627075125,74800.33
"VALE3<XBSP>","2017-10-31",14.284549009,12.009907941,12.169706848,4.2128450198,16.4985815,74308.49
"VALE3<XBSP>","2017-11-01",14.17519361,11.635896967,11.965599715,4.2455027331,16.868643141,73823.74
"VALE3<XBSP>","2017-11-02","-","-","-","-","-","-"
"VALE3<XBSP>","2017-11-03",14.079507636,11.753352463,12.13351764,4.2555512603,17.238704782,73915.43
"VALE3<XBSP>","2017-11-06",14.038499361,11.704842164,12.188525236,4.3786457182,17.649884383,74310.79
"VALE3<XBSP>","2017-11-07",13.806119138,11.347944963,11.899011572,4.1450174613,17.228425292,72414.88
"VALE3<XBSP>","2017-11-08",13.853962125,11.760282505,12.333282068,4.2580633921,17.444294582,74363.13
"VALE3<XBSP>","2017-11-09",13.819788563,11.334084878,12.000341355,4.2002843608,16.858363651,72930.69
"VALE3<XBSP>","2017-11-10",13.81295385,11.344479942,12.017712174,4.2002843608,16.842944416,72165.64
"VALE3<XBSP>","2017-11-13",13.819788563,11.399920284,12.078510044,4.1801873064,17.033114981,72475.17
"VALE3<XBSP>","2017-11-14",13.806119138,11.157368788,11.846899113,3.8561223049,16.52941997,70826.59
"VALE3<XBSP>","2017-11-15","-","-","-","-","-","-"
"VALE3<XBSP>","2017-11-16",13.956482812,11.448430583,12.145098186,3.9716803675,16.75556875,72511.79
"VALE3<XBSP>","2017-11-17",14.038499361,11.649401822,12.313016111,4.0244351352,16.920040591,73437.28
"VALE3<XBSP>","2017-11-20","-","-","-","-","-","-"
"VALE3<XBSP>","2017-11-21",14.223036597,11.916208467,12.559102725,3.9942895536,17.500831778,74594.61
"VALE3<XBSP>","2017-11-22",14.236706022,11.781072634,12.437506987,4.0470443213,17.855474184,74518.79
"VALE3<XBSP>","2017-11-23",14.154689473,11.694447099,12.39987021,4.0671413757,18.091902454,74486.58
"VALE3<XBSP>","2017-11-24",14.093177061,11.590496459,12.284064745,4.0445321895,18.39514741,74157.37
"VALE3<XBSP>","2017-11-27",14.17519361,11.573171352,12.359338297,3.9867531582,18.1998371,74058.92
"VALE3<XBSP>","2017-11-28",14.20253246,11.607821565,12.379604254,3.9792167629,18.631575681,74139.72
"VALE3<XBSP>","2017-11-29",14.052168786,11.386060198,12.12483223,3.8510980413,18.348889705,72700.45
"VALE3<XBSP>","2017-11-30",14.052168786,11.31329475,11.948228895,3.8636587003,18.061063984,71970.99
"VALE3<XBSP>","2017-12-01",13.976986949,11.285574579,11.940988422,3.9214377316,18.235815315,72264.45
"VALE3<XBSP>","2017-12-04",14.065838211,11.479373448,12.117655968,3.8887800182,18.929680892,73090.17
"VALE3<XBSP>","2017-12-05",14.045334073,11.361494047,12.045251236,3.8460737777,18.513361546,72546.17
"VALE3<XBSP>","2017-12-06",14.154689473,11.479373448,12.172683565,3.8988285454,18.379728175,73268.35
"VALE3<XBSP>","2017-12-07",14.161524185,11.396164459,12.132136915,3.8335131188,18.163858885,72487.46
"VALE3<XBSP>","2017-12-08",14.366565558,11.42736783,12.236399729,3.8561223049,18.235815315,72731.84
"VALE3<XBSP>","2017-12-11",14.45541682,11.42736783,12.268257811,3.8636587003,18.379728175,72800.04
"VALE3<XBSP>","2017-12-12",14.694631756,11.652725509,12.366728247,3.89129215,18.595597466,73813.53
"VALE3<XBSP>","2017-12-13",14.387069696,11.45510416,12.091590265,3.8134160644,18.559619251,72914.33
"VALE3<XBSP>","2017-12-14",14.332391996,11.364961089,11.900441772,3.7707098239,18.626435936,72428.93
"VALE3<XBSP>","2017-12-15",14.284549009,11.319889553,11.942439399,3.7556370331,18.960519362,72607.7
"VALE3<XBSP>","2017-12-18",14.291383721,11.410032624,11.939532989,3.8234645916,19.448795139,73115.45
"VALE3<XBSP>","2017-12-19",14.284446157,11.337224759,11.872685555,3.8033675372,19.453934884,72680.37
"VALE3<XBSP>","2017-12-20",14.360759371,11.441235995,11.916281707,3.8284888552,20.122101736,73367.03
"VALE3<XBSP>","2017-12-21",14.548073623,11.777538993,12.419090667,3.9842410264,20.420206946,75133.43
"VALE3<XBSP>","2017-12-22",14.589699013,11.812209405,12.360962464,3.9566075767,20.66950458,75186.53
"VALE3<XBSP>","2017-12-25","-","-","-","-","-","-"
"VALE3<XBSP>","2017-12-26",14.742325441,11.837053036,12.410371437,4.0118744762,20.700672468,75707.73
"VALE3<XBSP>","2017-12-27",14.846388915,11.85126745,12.343524003,4.0319715305,20.705867116,76072.54
"VALE3<XBSP>","2017-12-28",14.763138136,12.028947621,12.375494515,4.0445321895,20.913653038,76402.08
"VALE3<XBSP>","2017-12-29","-","-","-","-","-","-"
"VALE3<XBSP>","2018-01-01","-","-","-","-","-","-"
"VALE3<XBSP>","2018-01-02",15.047578297,12.295467879,12.757822138,4.1575781203,21.672071653,77891.04
"VALE3<XBSP>","2018-01-03",15.082266122,12.35199222,12.84504517,4.1952600972,21.542205452,77995.16
"VALE3<XBSP>","2018-01-04",14.999015343,12.554658759,13.112529135,4.2027964926,21.630514469,78647.42
"VALE3<XBSP>","2018-01-05",15.054515862,12.625769825,13.150325782,4.2279178105,21.968166592,79071.47
"VALE3<XBSP>","2018-01-08",15.026765602,12.622214272,13.106714266,4.2781604464,22.456463508,79378.54
"VALE3<XBSP>","2018-01-09",14.985140213,12.504881012,12.96424998,4.2781604464,22.373349139,78863.54
"VALE3<XBSP>","2018-01-10",14.985140213,12.373325539,12.920638464,4.2203814152,22.061670256,78200.57
"VALE3<XBSP>","2018-01-11",15.158579336,12.622214272,13.191029863,4.3334273459,22.492826044,79365.44
"VALE3<XBSP>","2018-01-12",14.985140213,12.622214272,13.179400126,4.3459880049,22.622692246,79349.12
"VALE3<XBSP>","2018-01-15",15.137766641,12.711103105,13.260808289,4.3585486639,22.581135061,79752.37
"VALE3<XBSP>","2018-01-16",15.19326716,12.796436384,13.382920534,4.4339126177,21.97336124,79831.76
"VALE3<XBSP>","2018-01-17",15.283455504,13.116436183,13.603885548,4.6122739751,22.414906324,81189.16
"VALE3<XBSP>","2018-01-18",15.20714229,13.102213969,13.571903769,4.57710413,22.26426153,80962.65
"VALE3<XBSP>","2018-01-19",15.262642809,13.194658356,13.682386277,4.5871526572,22.274650826,81219.5
"VALE3<XBSP>","2018-01-22",15.19326716,13.375991575,14.022556101,4.6399074249,22.155173921,81675.42
"VALE3<XBSP>","2018-01-23",15.19326716,13.422213768,13.973129716,4.5946890526,21.230526569,80678.35
"VALE3<XBSP>","2018-01-24",15.186329595,14.151102198,14.644747062,4.858462891,21.703239541,83680
"VALE3<XBSP>","2018-01-25","-","-","-","-","-","-"
"VALE3<XBSP>","2018-01-26",15.17939203,14.648879662,15.444291522,5.0066786669,21.52142686,85530.84
"VALE3<XBSP>","2018-01-29",15.151641771,14.222213264,15.028528403,4.9865816125,21.76038067,84698.01
"VALE3<XBSP>","2018-01-30",15.172454465,14.364435397,14.970379715,4.8961448679,21.542205452,84482.46
"VALE3<XBSP>","2018-01-31",15.227954985,14.488879763,15.194252164,4.9488996356,21.531816156,84912.7
"VALE3<XBSP>","2018-02-01",15.471546586,14.104880004,15.271321296,5.1548944428,21.708434189,85495.24
"VALE3<XBSP>","2018-02-02",15.318431865,13.666972976,15.079375532,5.0167271941,21.194164033,84041.34
"VALE3<XBSP>","2018-02-05",15.088759784,13.446423178,14.550070547,4.7830989372,20.96040487,81861.09
"VALE3<XBSP>","2018-02-06",15.047001224,13.766576111,15.073558994,5.0217514577,22.061670256,83894.04
"VALE3<XBSP>","2018-02-07",15.047001224,13.560255332,14.715841889,4.883584209,21.666877005,82766.73
"VALE3<XBSP>","2018-02-08",15.074840264,13.393064356,14.64313516,4.785611069,21.604541228,81532.53
"VALE3<XBSP>","2018-02-09",14.956524343,13.240102399,14.680942659,4.7152713787,21.817521798,80898.7
"VALE3<XBSP>","2018-02-12","-","-","-","-","-","-"
"VALE3<XBSP>","2018-02-13","-","-","-","-","-","-"
"VALE3<XBSP>","2018-02-14",15.478506346,13.723889053,15.314945333,4.8358537049,23.121378458,83542.84
"VALE3<XBSP>","2018-02-15",15.520264907,13.78080513,15.317853602,4.8735356818,23.869407777,84290.57
"VALE3<XBSP>","2018-02-16",15.610741787,13.755904347,15.440270066,4.8785599454,23.910964961,84524.58
"VALE3<XBSP>","2018-02-19",15.548103947,13.688316505,15.318764891,5.0368242484,24.129140179,84792.71
"VALE3<XBSP>","2018-02-20",15.805615069,14.104515318,15.695430932,5.1347973884,23.640843263,85803.96
"VALE3<XBSP>","2018-02-21",15.589862507,14.179217669,15.901989729,5.0870668843,23.272023251,86051.82
"VALE3<XBSP>","2018-02-22",15.603782027,14.264591784,15.990080981,5.2101613423,23.723957632,86686.45
"VALE3<XBSP>","2018-02-23",15.290592825,14.396210212,16.099435639,5.3056223505,23.936938202,87293.24
"VALE3<XBSP>","2018-02-26",15.415868506,14.396210212,16.081209862,5.4061076223,24.622631744,87652.64
"VALE3<XBSP>","2018-02-27",15.464586826,14.239691001,15.841237142,5.4010833587,24.586269207,86935.44
"VALE3<XBSP>","2018-02-28",15.311472105,13.791476895,15.303576744,5.3910348315,23.401889453,85353.6
"VALE3<XBSP>","2018-03-01",15.548103947,13.8697365,15.529947531,5.2830131643,23.09021057,85377.79
"VALE3<XBSP>","2018-03-02",15.715138188,13.958346307,15.61198795,5.4035954905,22.726585206,85761.34
"VALE3<XBSP>","2018-03-05",15.673379628,14.050879964,15.833800936,5.5568355299,22.700611966,86022.83
"VALE3<XBSP>","2018-03-06",15.847373629,14.075792872,15.776068789,5.5015686305,22.591524357,85653.02
"VALE3<XBSP>","2018-03-07",16.056166431,13.826663794,15.754799051,5.4437895992,22.511937574,85483.55
"VALE3<XBSP>","2018-03-08",16.216240912,13.645155467,15.645411825,5.4513259946,21.781678689,84984.61
"VALE3<XBSP>","2018-03-09",16.313677553,13.936992386,15.861147743,5.6246630884,22.117912996,86371.41
"VALE3<XBSP>","2018-03-12",16.689504595,14.047320977,16.040421252,5.6095902976,22.307044793,86900.43
"VALE3<XBSP>","2018-03-13",16.675585075,13.844458729,15.909764287,5.5543233982,22.133673979,86383.85
"VALE3<XBSP>","2018-03-14",16.891337637,13.769720005,15.554255803,5.6221509566,22.380596048,86050.96
"VALE3<XBSP>","2018-03-15",16.619906995,13.570416743,15.627180621,5.3533528546,22.275522827,84928.2
"VALE3<XBSP>","2018-03-16",16.431993474,13.606006612,15.563371406,5.3834984361,22.222986216,84886.49
"VALE3<XBSP>","2018-03-19",16.557269154,13.467206126,15.22913266,5.2578918464,21.592546891,83913.06
"VALE3<XBSP>","2018-03-20",16.487671554,13.452970178,15.277749205,5.3156708777,21.855229943,84163.8
"VALE3<XBSP>","2018-03-21",16.626866755,13.520590928,15.216978524,5.5392506074,22.328059437,84976.59
"VALE3<XBSP>","2018-03-22",16.710383875,13.602447625,15.168361979,5.4563502582,22.028600758,84767.88
"VALE3<XBSP>","2018-03-23",16.647746035,13.694981282,15.241286796,5.4638866535,21.855229943,84377.19
"VALE3<XBSP>","2018-03-26",16.703424115,13.773278992,15.429675907,5.5342263438,22.065376385,85087.86
"VALE3<XBSP>","2018-03-27",16.592067955,13.606006612,15.24432533,5.3860105679,21.466459026,83808.06
"VALE3<XBSP>","2018-03-28",16.578148435,13.694981282,15.384097897,5.3257194048,21.823707977,83874.14
"VALE3<XBSP>","2018-03-29",16.752142436,14.057997938,15.590718212,5.3784741725,22.175703267,85365.56
"VALE3<XBSP>","2018-03-30","-","-","-","-","-","-"
"VALE3<XBSP>","2018-04-02",16.599027715,13.929162615,15.516252358,5.250355451,22.59074249,84666.44
"VALE3<XBSP>","2018-04-03",16.842619316,14.085440027,15.370360074,5.2026249469,22.522444896,84623.46
"VALE3<XBSP>","2018-04-04",16.835659556,13.96401382,15.470661019,5.1197245977,22.354327743,84359.69
"VALE3<XBSP>","2018-04-05",16.724303396,14.007100539,15.501055245,5.3131587459,22.722084016,85209.66
"VALE3<XBSP>","2018-04-06",16.181442112,13.96401382,15.57704081,5.3458164592,22.454147302,84820.42
"VALE3<XBSP>","2018-04-09",16.209281152,13.435222273,15.230546634,5.1574065746,22.564474184,83307.23
"VALE3<XBSP>","2018-04-10",16.564228914,13.548814531,15.306532199,5.3759620407,23.557416122,84510.36
"VALE3<XBSP>","2018-04-11",16.599027715,13.866089459,15.558804275,5.4764473125,23.452342901,85245.59
"VALE3<XBSP>","2018-04-12",16.209281152,13.615403096,15.695578292,5.446301731,23.541655139,85443.53
"VALE3<XBSP>","2018-04-13",16.188401872,13.31771304,15.33084758,5.3257194048,23.630967376,84334.41
"VALE3<XBSP>","2018-04-16",15.99352859,13.027856933,15.105930308,5.1800157607,23.39980629,82861.58
"VALE3<XBSP>","2018-04-17",16.084005471,13.192369859,15.355162961,5.2830131643,24.130065176,84086.13
"VALE3<XBSP>","2018-04-18",16.251039712,13.634987968,15.64694753,5.4764473125,24.944382637,85776.46
"VALE3<XBSP>","2018-04-19",16.355436113,13.611486122,15.501055245,5.5769325843,25.128260774,85824.26
"VALE3<XBSP>","2018-04-20",16.306717793,13.419554375,15.467621597,5.617126693,25.023187553,85550.09
"VALE3<XBSP>","2018-04-23",16.320637313,13.415637401,15.4949764,5.6472722746,24.954889959,85602.5
"VALE3<XBSP>","2018-04-24",16.223200672,13.439139247,15.418990835,5.6271752202,25.380436504,85469.08
"VALE3<XBSP>","2018-04-25",16.125764031,13.603652173,15.327808157,5.45886239,25.191304706,85044.39
"VALE3<XBSP>","2018-04-26",16.223200672,13.603652173,15.683420601,5.6849542515,25.585329285,86383.2
"VALE3<XBSP>","2018-04-27",16.132723791,13.752497201,15.653026375,5.7050513058,25.401451148,86444.66
"VALE3<XBSP>","2018-04-30",16.237120192,13.540980582,15.504094668,5.7703667325,25.569568302,86115.5
"VALE3<XBSP>","2018-05-01","-","-","-","-","-","-"
"VALE3<XBSP>","2018-05-02",15.777776029,13.192369859,14.806342001,5.6774178561,25.590582946,84547.09
"VALE3<XBSP>","2018-05-03",15.729057708,12.92154448,14.514471604,5.6397358792,25.790222065,83288.14
"VALE3<XBSP>","2018-05-04",15.659460108,12.933302027,14.344213873,5.5945175069,26.110695389,83118.03
"VALE3<XBSP>","2018-05-07",15.548103947,12.815726554,14.365496089,5.6899785151,25.869026981,82714.43
"VALE3<XBSP>","2018-05-08",15.617701547,12.749100453,14.411100839,5.7552939417,25.842758676,82956.05
"VALE3<XBSP>","2018-05-09",15.248834265,12.850999196,14.456705588,6.2250625873,26.399646747,84265.49
"VALE3<XBSP>","2018-05-10",15.172276904,13.109665236,14.85194675,6.4687393714,27.003817767,85861.2
"VALE3<XBSP>","2018-05-11",15.207075705,12.87451429,14.614802053,6.3908632858,27.650018075,85220.24
"VALE3<XBSP>","2018-05-14",15.109639064,12.690312716,14.395899255,6.5918338294,28.511618486,85232.18
"VALE3<XBSP>","2018-05-15",14.935645063,12.61584825,14.341173556,6.7300010781,28.711257606,85130.42
"VALE3<XBSP>","2018-05-16",14.970443863,12.819645736,14.59047952,6.8807289858,29.367965236,86536.97
"VALE3<XBSP>","2018-05-17",14.678133941,12.286636926,13.827360045,6.5189820073,29.094774862,83621.95
"VALE3<XBSP>","2018-05-18",14.357984979,12.34150548,13.730069913,6.4436180535,28.774301538,83081.88
"VALE3<XBSP>","2018-05-21",14.128312897,12.16514227,13.541570282,6.2928901458,27.844403534,81815.32
"VALE3<XBSP>","2018-05-22",14.023916496,12.513949507,13.869924478,6.2198926201,27.497661905,82738.88
"VALE3<XBSP>","2018-05-23",13.954318896,12.184738182,13.608457247,5.8574221477,27.287515463,80867.29
"VALE3<XBSP>","2018-05-24",14.149192177,12.204334095,13.787835929,5.0544493651,27.560705837,80122.31
"VALE3<XBSP>","2018-05-25",14.030876256,11.961344784,13.666223264,4.9839689955,27.045847055,78897.66
"VALE3<XBSP>","2018-05-28",13.752485855,11.45577025,13.088563103,4.2565108946,26.830446952,75355.84
"VALE3<XBSP>","2018-05-29",13.634169934,11.502800439,13.042958354,4.8581111926,26.352363797,76071.97
"VALE3<XBSP>","2018-05-30",13.703767534,11.432255155,13.067280887,4.7775621987,26.599285866,76753.61
"VALE3<XBSP>","2018-05-31","-","-","-","-","-","-"
"VALE3<XBSP>","2018-06-01",13.877761535,11.710517108,13.327318712,4.0677241903,27.718315669,77239.75
"VALE3<XBSP>","2018-06-04",13.947359136,11.831686919,13.616249629,4.4125745702,27.592227804,78596.06
"VALE3<XBSP>","2018-06-05",13.752485855,11.263044359,13.193498077,4.1759619008,28.22792079,76641.72
"VALE3<XBSP>","2018-06-06",13.592411373,11.074804064,12.858946489,4.1105158432,29.457277474,76117.22
"VALE3<XBSP>","2018-06-07",13.279222171,10.878720422,12.484856986,3.9670379479,28.564155097,73851.46
"VALE3<XBSP>","2018-06-08",13.195705051,10.784600274,12.515270767,3.8386629889,26.735881053,72942.07
"VALE3<XBSP>","2018-06-11",13.216584331,10.580673287,12.153346776,3.8789374859,26.714866409,72307.77
"VALE3<XBSP>","2018-06-12",13.14002697,10.553221578,12.129015752,3.8915232662,27.161427598,72754.13
"VALE3<XBSP>","2018-06-13",13.02171105,10.337529572,12.010402007,3.8185257405,27.082622682,72122.14
"VALE3<XBSP>","2018-06-14",13.174825771,9.91791058,11.584609077,3.8009056481,27.166681259,71421.19
"VALE3<XBSP>","2018-06-15",13.02867081,10.094385857,11.697140065,3.7681826193,25.81123671,70757.73
"VALE3<XBSP>","2018-06-18",13.014631294,9.7688870126,11.459912576,3.6498762846,25.853265998,69814.74
"VALE3<XBSP>","2018-06-19",13.197145001,10.274782807,11.976946848,3.8814546419,25.375182843,71394.34
"VALE3<XBSP>","2018-06-20",13.014631294,10.494396485,12.198967447,4.0803099705,25.643119556,72123.41
"VALE3<XBSP>","2018-06-21",12.726821216,10.059090801,11.873539994,3.8009056481,24.802533789,70074.9
"VALE3<XBSP>","2018-06-22",12.74788049,10.25125277,11.964781336,3.8034228041,25.222826673,70640.65
"VALE3<XBSP>","2018-06-25",12.789999038,10.235566079,11.98911236,3.9519350116,24.776265484,70952.97
"VALE3<XBSP>","2018-06-26",12.698742185,10.180662659,11.949574445,4.0375183176,25.396197487,71404.59
"VALE3<XBSP>","2018-06-27",12.600465573,10.0159524,11.733636602,4.1658932765,25.296377927,70609.01
"VALE3<XBSP>","2018-06-28",12.642584121,10.357137936,12.059064056,4.1784790568,25.779714743,71766.53
"VALE3<XBSP>","2018-06-29",12.621524847,10.549299905,12.268919143,4.3269912643,26.052905118,72762.52
"VALE3<XBSP>","2018-07-02",12.733840974,10.485993672,12.276525416,4.3974716339,25.616851251,72839.74
"VALE3<XBSP>","2018-07-03",12.698742185,10.971727713,12.565563809,4.4050231021,25.196558367,73667.76
"VALE3<XBSP>","2018-07-04",12.705761943,11.12586942,12.769411939,4.6441529276,25.233333995,74743.12
"VALE3<XBSP>","2018-07-05",12.916354682,11.102155311,12.687264185,4.4956407202,26.110695389,74553.06
"VALE3<XBSP>","2018-07-06",12.698742185,11.133774123,12.802879542,4.5157779686,26.446929696,75010.39
"VALE3<XBSP>","2018-07-09","-","-","-","-","-","-"
"VALE3<XBSP>","2018-07-10",12.768939764,10.987537118,12.836347145,4.4679520035,26.021383151,74862.38
"VALE3<XBSP>","2018-07-11",12.572386541,10.944061252,12.888069805,4.3823686975,25.669387861,74398.55
"VALE3<XBSP>","2018-07-12",12.804038554,11.264201722,13.131470557,4.5182951247,26.504719967,75856.23
"VALE3<XBSP>","2018-07-13",12.944433714,11.489485757,13.466146591,4.5585696216,26.431168713,76594.36
"VALE3<XBSP>","2018-07-16",13.302441371,11.540866326,13.41746644,4.5006750323,26.26830522,76652.59
"VALE3<XBSP>","2018-07-17",13.456876046,11.87286385,13.66999472,4.6038784307,26.636061494,78130.3
"VALE3<XBSP>","2018-07-18",13.169065969,11.580389841,13.496571685,4.5434666853,27.030086072,77362.64
"VALE3<XBSP>","2018-07-19",13.253303065,11.726626846,13.691292286,4.6315671473,25.968846541,77486.84
"VALE3<XBSP>","2018-07-20",13.190125243,12.133719048,14.080733489,4.8555940365,25.595836607,78571.29
"VALE3<XBSP>","2018-07-23",13.091848631,11.995386746,13.809950152,4.8480425683,26.058158779,77996.12
"VALE3<XBSP>","2018-07-24",13.316480887,12.173242563,13.800822624,4.9487288107,26.956534817,79154.99
"VALE3<XBSP>","2018-07-25",13.267342581,12.394574246,14.235901468,5.0242434924,27.187695903,80218.05
"VALE3<XBSP>","2018-07-26",13.962298621,12.078386127,14.010755773,4.8857999092,27.728822991,79405.34
"VALE3<XBSP>","2018-07-27",13.906140557,12.212766078,14.086818508,4.9764175273,28.080818281,79866.11
"VALE3<XBSP>","2018-07-30",13.828923219,12.303670162,14.290666637,5.0066234,28.543140453,80275.6
"VALE3<XBSP>","2018-07-31",13.625350238,12.066529073,13.691292286,4.963831747,28.811077166,79220.44
"VALE3<XBSP>","2018-08-01",13.65342927,12.224623132,13.863251387,5.0368292727,27.8759255,79301.65
"VALE3<XBSP>","2018-08-02",13.541113142,12.22817247,13.911947769,5.137515515,27.760344957,79636.69
"VALE3<XBSP>","2018-08-03",13.5481329,12.694836231,14.243691875,5.3137164391,28.403746041,81434.98
"VALE3<XBSP>","2018-08-06",13.5481329,12.607831123,14.140212062,5.2960963467,28.322669697,81050.76
"VALE3<XBSP>","2018-08-07",13.456876046,12.418001796,14.054993393,5.2130301968,28.511847834,80346.53
"VALE3<XBSP>","2018-08-08",13.449856288,12.121393473,13.726292811,5.0695523015,28.322669697,79151.7
"VALE3<XBSP>","2018-08-09",13.527073626,11.994840589,13.653248237,5.1198954226,28.019984677,78767.99
"VALE3<XBSP>","2018-08-10",13.274362339,11.397669165,13.157153841,4.9311087183,27.949718512,76514.36
"VALE3<XBSP>","2018-08-13",13.435816772,11.619136713,13.260633653,5.0443807409,28.257808621,77496.46
"VALE3<XBSP>","2018-08-14",13.625350238,11.816875595,13.534550805,5.0418572888,28.517252924,78602.12
"VALE3<XBSP>","2018-08-15",13.632369996,11.6745036,13.443245088,4.8071762438,27.247056859,77077.5
"VALE3<XBSP>","2018-08-16",13.344559919,11.6745036,13.424983944,4.7819417228,26.874105674,76818.72
"VALE3<XBSP>","2018-08-17",13.463895804,11.318573612,13.081065743,4.6582925701,27.457855355,76028.51
"VALE3<XBSP>","2018-08-20",13.44283653,11.389759609,13.173743478,4.6330580491,27.803781092,76327.89
"VALE3<XBSP>","2018-08-21",13.323500645,11.112925174,13.003379995,4.471557115,27.960528691,75180.4
"VALE3<XBSP>","2018-08-22",13.267342581,11.385804832,13.313131781,4.6305345971,28.809127764,76902.31
"VALE3<XBSP>","2018-08-23",13.295421613,11.101060842,12.795846298,4.5295965132,28.836153212,75633.77
"VALE3<XBSP>","2018-08-24",13.386678467,11.199930283,12.891869352,4.6179173366,29.268560383,76262.24
"VALE3<XBSP>","2018-08-27",13.428797014,11.500493383,13.319326817,4.7213788725,30.090134008,77929.69
"VALE3<XBSP>","2018-08-28",13.40773774,11.429307386,13.226401281,4.6305345971,30.079323829,77473.18
"VALE3<XBSP>","2018-08-29",13.51303411,11.567724603,13.44632505,4.8702625462,29.846904975,78388.84
"VALE3<XBSP>","2018-08-30",13.337540161,11.073377398,12.916649495,4.7440899414,29.495574148,76404.1
"VALE3<XBSP>","2018-08-31",13.232243791,11.223658948,13.093208013,4.8601687378,28.982090633,76677.53
"VALE3<XBSP>","2018-09-03",13.077809115,11.124789507,12.911938893,4.7945589833,29.214509487,76192.74
"VALE3<XBSP>","2018-09-04",12.642584121,10.875064626,12.800388665,4.70623816,28.106466111,74711.8
"VALE3<XBSP>","2018-09-05",12.733840974,10.942341227,12.874755483,4.70623816,28.187542456,75092.27
"VALE3<XBSP>","2018-09-06",12.860196618,11.254979548,13.200110315,4.7920355312,28.906419378,76416.02
"VALE3<XBSP>","2018-09-07","-","-","-","-","-","-"
"VALE3<XBSP>","2018-09-10",12.839137344,11.298511466,13.320956395,4.8601687378,28.765887047,76436.36
"VALE3<XBSP>","2018-09-11",12.768939764,10.958171015,12.862361013,4.6683863785,28.4253664,74656.51
"VALE3<XBSP>","2018-09-12",12.951453472,10.962128462,12.899544423,4.7819417228,28.890204109,75124.81
"VALE3<XBSP>","2018-09-13",12.867216376,10.918596544,12.828276222,4.7213788725,29.068572067,74686.68
"VALE3<XBSP>","2018-09-14",12.797018796,10.96608591,13.054475295,4.7415664893,29.836094795,75429.1
"VALE3<XBSP>","2018-09-17",12.88827565,11.27872423,13.36433704,4.8954970672,29.749613361,76788.86
"VALE3<XBSP>","2018-09-18",13.190125243,11.369745514,13.35194257,5.1099904954,30.992783978,78313.97
"VALE3<XBSP>","2018-09-19",13.190125243,11.421192326,13.444901093,5.0418572888,31.663015093,78168.66
"VALE3<XBSP>","2018-09-20",13.162046211,11.397447643,13.358139805,5.0140993157,32.062991726,78116.02
"VALE3<XBSP>","2018-09-21",13.232243791,11.57949021,13.584338878,5.0822325223,32.976451874,79444.29
"VALE3<XBSP>","2018-09-24",12.909334924,11.270809336,13.246589577,5.046904193,32.538639614,77984.19
"VALE3<XBSP>","2018-09-25",12.916354682,11.27872423,13.277575751,5.0670918097,33.619657541,78630.15
"VALE3<XBSP>","2018-09-26",13.126947421,11.30642636,13.423210771,5.0948497828,32.435942911,78656.16
"VALE3<XBSP>","2018-09-27",12.972512746,11.563660421,13.791946247,5.4153281991,32.14947316,80000.09
"VALE3<XBSP>","2018-09-28",12.874236134,11.346000831,13.674198784,5.3219604715,32.333246208,79342.43
"VALE3<XBSP>","2018-10-01",12.937413956,11.219362524,13.520765068,5.2992494026,32.646741406,78623.66
"VALE3<XBSP>","2018-10-02",12.811058312,11.88029284,14.041509802,5.7585176842,33.079148577,81612.28
"VALE3<XBSP>","2018-10-03",12.726821216,12.395105529,14.676942365,6.0032925375,32.403512373,83273.4
"VALE3<XBSP>","2018-10-04",12.544307509,12.454506994,14.69244072,6.0613319358,31.781927065,82952.81
"VALE3<XBSP>","2018-10-05",12.389872833,12.268382406,14.642845983,6.0461912232,31.073860322,82321.52
"VALE3<XBSP>","2018-10-08",12.635564363,13.100002905,15.513853545,6.7123825767,30.836036378,86083.92
"VALE3<XBSP>","2018-10-09",12.270536948,13.147524076,15.433262098,6.7678985228,31.165746846,86087.55
"VALE3<XBSP>","2018-10-10",12.073983724,12.719833534,14.90011868,6.5735927113,30.20904598,83679.12
"VALE3<XBSP>","2018-10-11",11.926568807,12.644591679,14.72343743,6.381810352,30.527946269,82921.08
"VALE3<XBSP>","2018-10-12","-","-","-","-","-","-"
"VALE3<XBSP>","2018-10-15",11.884450259,12.711913338,14.893919337,6.5029360526,31.171151936,83359.77
"VALE3<XBSP>","2018-10-16",12.221398642,13.317808273,15.489056177,6.7451874539,31.187367204,85717.57
"VALE3<XBSP>","2018-10-17",11.968687355,13.333648664,15.327873283,6.6745307952,31.781927065,85763.96
"VALE3<XBSP>","2018-10-18",11.687897035,12.965359586,14.87222164,6.485271888,30.538756448,83847.12
"VALE3<XBSP>","2018-10-19",11.835311953,13.008920659,14.856723285,6.5407878341,30.554971717,84219.75
"VALE3<XBSP>","2018-10-22",11.807232921,13.167324564,15.073700258,6.694718412,31.54950821,85596.7
"VALE3<XBSP>","2018-10-23",11.67385752,13.214845735,15.126394665,6.6114444928,30.673883689,85300.04
"VALE3<XBSP>","2018-10-24",11.154395429,12.898037926,14.732736444,6.4802249838,29.419902893,83063.56
"VALE3<XBSP>","2018-10-25",10.529636969,13.270287102,14.903218351,6.641725918,29.517194507,84083.51
"VALE3<XBSP>","2018-10-26",10.66301237,13.499972764,15.182188744,6.9647277863,30.052298381,85719.88
"VALE3<XBSP>","2018-10-29",10.831486562,13.246526516,14.903218351,6.6669604389,28.701025972,83796.71
"VALE3<XBSP>","2018-10-30",11.266711557,13.761339206,15.340271967,7.0656658702,29.117217874,86885.71
"VALE3<XBSP>","2018-10-31",11.470284538,13.583134813,15.265879862,6.9697746905,30.65226333,87423.55
"VALE3<XBSP>","2018-11-01",11.491343812,14.359313946,15.484473247,6.8940711276,31.079265412,88419.05
"VALE3<XBSP>","2018-11-02","-","-","-","-","-","-"
"VALE3<XBSP>","2018-11-05",11.554521634,14.667957086,15.651906478,7.1060411037,31.095480681,89598.16
"VALE3<XBSP>","2018-11-06",11.680877277,14.509470246,15.75112617,6.8612662504,30.933327992,88668.92
"VALE3<XBSP>","2018-11-07",11.477304296,14.228156104,15.766629247,6.6366790138,31.127911218,87714.35
"VALE3<XBSP>","2018-11-08",11.028039785,13.930993278,15.54958617,6.3969510646,30.819821109,85620.14
"VALE3<XBSP>","2018-11-09",11.287770831,14.137026171,15.74492494,6.4247090377,29.538814865,85641.22
"VALE3<XBSP>","2018-11-12",11.196513977,14.125139658,15.788333555,6.3919041604,29.646916658,85524.7
"VALE3<XBSP>","2018-11-13",11.063138575,13.871560713,15.729421863,6.1168478819,30.414439386,84914.11
"VALE3<XBSP>","2018-11-14",11.252672041,14.065707093,15.86584894,6.3338647622,29.814474437,85973.06
"VALE3<XBSP>","2018-11-15","-","-","-","-","-","-"
"VALE3<XBSP>","2018-11-16",11.582600666,14.747200507,16.355746171,6.5105064089,30.349578311,88515.27
"VALE3<XBSP>","2018-11-19",11.554521634,14.68380577,16.346444325,6.5609754509,29.927981319,87900.84
"VALE3<XBSP>","2018-11-20","-","-","-","-","-","-"
"VALE3<XBSP>","2018-11-21",11.49836357,14.521356759,16.134052171,6.3515289269,29.47395379,87268.8
"VALE3<XBSP>","2018-11-22",11.582600666,14.580789324,16.096844786,6.3717970686,29.209104397,87477.44
"VALE3<XBSP>","2018-11-23",11.372007926,14.549091956,16.078241094,6.1741826864,27.214626321,86230.23
"VALE3<XBSP>","2018-11-26",11.336909136,14.339096892,15.813138478,6.1437804737,27.09030926,85546.51
"VALE3<XBSP>","2018-11-27",11.610679698,14.925498202,16.347994633,6.468070742,26.982207467,87891.18
"VALE3<XBSP>","2018-11-28",11.715976067,15.23058537,16.757275864,6.4300679762,28.268618801,89250.83
"VALE3<XBSP>","2018-11-29",11.680877277,15.420769579,16.906105403,6.3768641041,28.106466111,89709.57
"VALE3<XBSP>","2018-11-30",11.877430501,15.238509712,16.752624941,6.450336118,28.538873282,89504.03
"VALE3<XBSP>","2018-12-03",11.751074857,14.977006425,16.540919779,6.5719449686,29.246940025,89820.09
"VALE3<XBSP>","2018-12-04",11.687897035,14.936958414,16.522308337,6.4199339053,28.582114,88624.45
"VALE3<XBSP>","2018-12-05",11.610679698,14.929030092,16.531614058,6.4756712952,28.538873282,89039.8
"VALE3<XBSP>","2018-12-06",11.505383328,15.09156069,16.6805056,6.2299200762,28.268618801,88846.49
"VALE3<XBSP>","2018-12-07",11.308830105,15.020205793,16.54557264,6.2755233952,27.722704747,88115.08
"VALE3<XBSP>","2018-12-10",11.154395429,14.730822045,16.103550874,5.9385655383,27.133549977,85914.71
"VALE3<XBSP>","2018-12-11",11.196513977,14.901280965,16.247789555,5.9005627725,27.349753562,86419.58
"VALE3<XBSP>","2018-12-12",11.196513977,15.000384989,16.359458212,5.9030962902,27.225436501,86977.46
"VALE3<XBSP>","2018-12-13",11.456245022,15.396801083,16.647935575,5.9182973966,27.349753562,87837.59
"VALE3<XBSP>","2018-12-14",11.273731315,15.222378001,16.526961197,5.8397583472,27.501096072,87449.51
"VALE3<XBSP>","2018-12-17",11.301810347,14.925065931,16.084939431,5.7941550282,27.701084389,86399.68
"VALE3<XBSP>","2018-12-18",11.147375671,15.202557197,16.345858806,5.5737389865,27.803781092,86610.5
"VALE3<XBSP>","2018-12-19",11.0327497,14.984528345,16.127107279,5.6370769295,27.030853274,85673.53
"VALE3<XBSP>","2018-12-20",10.89663136,15.063811564,16.122452991,5.4445295827,26.922751481,85269.3
"VALE3<XBSP>","2018-12-21",10.867974867,14.948850897,16.047984386,5.459730689,27.490285893,85697.16
"VALE3<XBSP>","2018-12-24","-","-","-","-","-","-"
"VALE3<XBSP>","2018-12-25","-","-","-","-","-","-"
"VALE3<XBSP>","2018-12-26",10.846482497,14.795320264,15.698912799,5.6770724862,27.263272128,85136.11
"VALE3<XBSP>","2018-12-27",10.817826005,15.159139615,15.964207205,5.6744539104,26.755193702,85460.21
"VALE3<XBSP>","2018-12-28",11.018421454,15.624019896,16.522721743,5.9389300732,27.565957148,87887.27
"VALE3<XBSP>","2018-12-31","-","-","-","-","-","-"
"VALE3<XBSP>","2019-01-01","-","-","-","-","-","-"
"VALE3<XBSP>","2019-01-02",11.570058939,16.327403975,17.228144413,6.3002935433,27.614602955,91012.32
"VALE3<XBSP>","2019-01-03",11.699013156,16.492807179,17.512175983,6.4547895196,26.48493922,91564.26
"VALE3<XBSP>","2019-01-04",11.856623866,16.363388388,17.218831902,6.4731195507,28.209162815,91840.8
"VALE3<XBSP>","2019-01-07",11.806475004,16.557516575,17.251425689,6.5752440097,28.057820305,91699.05
"VALE3<XBSP>","2019-01-08",11.570058939,16.658625005,17.470269686,6.5359653716,28.328074787,92031.86
"VALE3<XBSP>","2019-01-09",11.734833772,16.945772948,17.735676235,6.6721313169,29.01992626,93613.05
"VALE3<XBSP>","2019-01-10",12.071547562,16.893196564,17.614613598,6.6145226477,28.701025972,93805.94
"VALE3<XBSP>","2019-01-11",12.386768982,16.783999459,17.507519727,6.5438210992,28.311859518,93658.31
"VALE3<XBSP>","2019-01-14",12.565872061,16.982171983,17.637894874,6.507161037,28.43077149,94474.13
"VALE3<XBSP>","2019-01-15",12.680498032,16.949817285,17.363175815,6.5019238853,28.295644249,94055.72
"VALE3<XBSP>","2019-01-16",12.752139264,17.030704029,17.311957007,6.4993053094,28.457796938,94393.08
"VALE3<XBSP>","2019-01-17",12.78795988,17.08732475,17.311957007,6.588336889,29.3118011,95351.09
"VALE3<XBSP>","2019-01-18",12.895421728,17.261231251,17.535457259,6.6511827099,29.598270851,96096.75
"VALE3<XBSP>","2019-01-21",12.895421728,17.063058727,17.391113346,6.6852241962,29.879335512,96009.78
"VALE3<XBSP>","2019-01-22",12.565872061,16.98621632,17.363175815,6.5804811614,29.77123372,95103.38
"VALE3<XBSP>","2019-01-23",12.307963627,17.2774086,17.479582196,6.6590384375,30.079323829,96558.43
"VALE3<XBSP>","2019-01-24",12.29363538,17.4513151,17.45630092,6.6878427721,30.349578311,97677.2
"VALE3<XBSP>","2019-01-25","-","-","-","-","-","-"
"VALE3<XBSP>","2019-01-28",12.859601112,17.592866903,17.768270021,6.4862124301,22.906769881,95443.88
"VALE3<XBSP>","2019-01-29",12.802288126,17.366384018,17.637894874,6.6433269823,23.101353108,95639.33
"VALE3<XBSP>","2019-01-30",12.873929358,17.325940646,17.749645,6.708791379,25.187717708,96996.21
"VALE3<XBSP>","2019-01-31",12.544379692,18.304670253,18.056957847,6.6983170756,24.593157848,97393.75
"VALE3<XBSP>","2019-02-01",12.974227082,18.078187369,18.077919103,6.7559257447,24.99853957,97861.28
"VALE3<XBSP>","2019-02-04",13.217807271,18.47833199,18.487828116,6.8161529897,24.149940497,98588.64
"VALE3<XBSP>","2019-02-05",13.353925611,18.4864241,17.700616488,6.8213901414,24.128320139,98311.21
"VALE3<XBSP>","2019-02-06",12.959898836,17.616522331,16.955327373,6.6747498927,22.950010598,94635.57
"VALE3<XBSP>","2019-02-07",13.432730966,17.883561944,17.015882114,6.5700068579,22.4797678,94405.6
"VALE3<XBSP>","2019-02-08",13.053032438,18.073726516,17.379210557,6.5804811614,23.328366873,95343.11
"VALE3<XBSP>","2019-02-11",13.404074473,17.968529093,17.183572165,6.5045424612,22.712186654,94412.92
"VALE3<XBSP>","2019-02-12",13.375417981,18.328627965,17.593481178,6.7349771377,23.944547091,96168.4
"VALE3<XBSP>","2019-02-13",13.174822532,18.045404133,17.192888279,6.8213901414,24.587752758,95842.41
"VALE3<XBSP>","2019-02-14",13.318104995,18.733233439,17.649377862,7.0570619698,24.679639282,98015.1
"VALE3<XBSP>","2019-02-15",13.246463763,18.611851796,17.46771364,7.0282576352,24.798551254,97525.91
"VALE3<XBSP>","2019-02-18",13.031540068,18.187016049,17.188230222,7.0073090282,24.458030607,96509.89
"VALE3<XBSP>","2019-02-19",13.124673669,18.340766129,17.584165064,7.1696607322,24.587752758,97659.16
"VALE3<XBSP>","2019-02-20",13.002883575,18.037312024,17.36057833,7.0806291526,24.755310537,96544.82
"VALE3<XBSP>","2019-02-21",13.124673669,18.195108158,17.677326203,7.1748978839,24.528296772,96932.28
"VALE3<XBSP>","2019-02-22",13.124673669,18.045404133,17.926765458,7.1041963354,25.398516203,97885.6
"VALE3<XBSP>","2019-02-25",13.174822532,17.86333167,17.652925069,6.991597573,25.468782369,97239.9
"VALE3<XBSP>","2019-02-26",13.246463763,18.182969994,17.716495159,6.9601746626,25.512023086,97602.5
"VALE3<XBSP>","2019-02-27",13.153330162,17.980667257,17.560014937,7.0911034561,25.312034769,97307.32
"VALE3<XBSP>","2019-02-28",12.343784242,17.507278853,17.227494465,7.0858663043,25.457972189,95584.35
"VALE3<XBSP>","2019-03-01",12.057219315,17.215962912,17.044041095,6.991597573,25.263388963,94603.76
"VALE3<XBSP>","2019-03-04","-","-","-","-","-","-"
"VALE3<XBSP>","2019-03-05","-","-","-","-","-","-"
"VALE3<XBSP>","2019-03-06",11.727669649,17.086016414,17.048933185,7.0073090282,25.971455705,94216.88
"VALE3<XBSP>","2019-03-07",11.956921591,17.207452209,17.283753498,7.0099276041,26.409267966,94340.18
"VALE3<XBSP>","2019-03-08",11.885280359,17.44627594,17.489221273,6.9837418454,26.403862876,95364.86
"VALE3<XBSP>","2019-03-11",12.257814764,18.154651413,18.061595787,7.2665480394,26.960587108,98026.62
"VALE3<XBSP>","2019-03-12",12.179009409,18.207273591,18.100732506,7.2010836426,27.009232915,97828.04
"VALE3<XBSP>","2019-03-13",12.107368177,18.381331565,18.296416101,7.3581981948,27.403804459,98903.89
"VALE3<XBSP>","2019-03-14",11.935429221,18.421810163,18.007782798,7.3817653776,27.409209548,98604.67
"VALE3<XBSP>","2019-03-15",12.007070453,18.4987195,18.002890709,7.3974768329,27.322728114,99136.74
"VALE3<XBSP>","2019-03-18",12.401097228,18.595868137,18.032243248,7.5257870505,27.274082307,99993.93
"VALE3<XBSP>","2019-03-19",12.31512775,18.195130012,17.611523519,7.6462415405,28.052415215,99588.38
"VALE3<XBSP>","2019-03-20",12.179009409,17.70129111,17.21526424,7.5860142955,27.328133204,98041.38
"VALE3<XBSP>","2019-03-21",12.164681163,17.312696565,16.911954668,7.4786526848,27.506501162,96729.08
"VALE3<XBSP>","2019-03-22",11.97841396,16.701469728,16.412961502,7.0701548491,27.052473632,93735.16
"VALE3<XBSP>","2019-03-25",11.835131497,16.737900467,16.437421951,7.1591864287,26.78221915,93662.01
"VALE3<XBSP>","2019-03-26",12.171845286,16.847192683,16.608645097,7.4969827159,27.176790694,95306.82
"VALE3<XBSP>","2019-03-27",11.849459743,16.264300865,16.046054762,7.1591864287,26.809244599,91903.41
"VALE3<XBSP>","2019-03-28",11.99990633,17.090064274,16.682026445,7.3477238913,26.64709191,94388.94
"VALE3<XBSP>","2019-03-29",12.057219315,17.381510182,16.84346541,7.3477238913,27.52812152,95414.56
"VALE3<XBSP>","2019-04-01",12.050055192,17.520756561,16.718662746,7.3320124361,28.43077149,96054.46
"VALE3<XBSP>","2019-04-02",12.014234576,17.296698851,16.454374752,7.4079511363,27.906477795,95386.76
"VALE3<XBSP>","2019-04-03",12.064383438,17.102299314,16.307548089,7.2115579461,27.987554139,94491.48
"VALE3<XBSP>","2019-04-04",12.408261351,17.544558262,16.552259194,7.455085502,28.192947546,96313.07
"VALE3<XBSP>","2019-04-05",12.494230829,17.690357915,16.909537409,7.536261354,28.095655932,97108.17
"VALE3<XBSP>","2019-04-08",12.429753721,17.714657857,16.806758744,7.6593344199,28.857773571,97369.29
"VALE3<XBSP>","2019-04-09",12.673333909,17.646618019,16.713768524,7.635767237,28.295644249,96291.79
"VALE3<XBSP>","2019-04-10",12.573036184,17.39389862,16.684403191,7.536261354,27.97674396,95953.45
"VALE3<XBSP>","2019-04-11",12.358112489,17.116879279,16.297759644,7.3320124361,27.992959229,94754.7
"VALE3<XBSP>","2019-04-12",12.221994148,16.961359649,16.12646187,6.7637814723,27.82540145,92875
"VALE3<XBSP>","2019-04-15",12.479902583,16.922479742,16.116673426,6.789967231,27.744325106,93082.97
"VALE3<XBSP>","2019-04-16",12.558707938,16.893319811,16.10199076,6.9968347247,28.701025972,94333.31
"VALE3<XBSP>","2019-04-17",12.214830025,16.660040366,15.852385431,7.0046904523,28.241593352,93284.75
"VALE3<XBSP>","2019-04-18",12.236322395,16.888459823,16.067731205,7.2272694013,28.41996131,94578.26
"VALE3<XBSP>","2019-04-19","-","-","-","-","-","-"
"VALE3<XBSP>","2019-04-22",12.537215568,17.029399487,16.023683206,7.1853721874,27.728109837,94588.06
"VALE3<XBSP>","2019-04-23",12.659005662,17.442498505,16.229240535,7.2482180083,28.063225394,95923.24
"VALE3<XBSP>","2019-04-24",12.694826278,17.325858782,16.253711645,7.2272694013,27.220031411,95045.43
"VALE3<XBSP>","2019-04-25",13.117509546,17.529978296,16.503316973,7.2796409187,27.203816142,96552.03
"VALE3<XBSP>","2019-04-26",13.1031813,17.476518424,16.54247075,7.1406066257,27.252461949,96236.04
"VALE3<XBSP>","2019-04-29",13.146166039,17.248098967,16.410326753,7.1720514989,27.160575425,96187.75
"VALE3<XBSP>","2019-04-30",13.232135517,17.291838863,16.557153416,7.1039209402,27.07949908,96353.33
"VALE3<XBSP>","2019-05-01","-","-","-","-","-","-"
"VALE3<XBSP>","2019-05-02",12.859601112,17.30155884,16.667322262,7.0043455084,26.452508683,95527.62
"VALE3<XBSP>","2019-05-03",12.838108742,17.48583838,16.505741288,7.0357903816,27.24165177,96007.89
"VALE3<XBSP>","2019-05-06",12.938406467,17.014168101,16.143408196,7.0148271328,26.841675136,95008.66
"VALE3<XBSP>","2019-05-07",12.644677416,16.907191337,15.962241649,6.9047700766,26.863295495,94388.73
"VALE3<XBSP>","2019-05-08",12.838108742,17.257297111,16.143408196,7.1720514989,26.48493922,95596.61
"VALE3<XBSP>","2019-05-09",12.530051445,16.955817139,15.942656076,7.0305495694,26.236305097,94807.85
"VALE3<XBSP>","2019-05-10",12.393933105,16.805077153,15.869210179,6.9912434779,26.733573344,94257.56
"VALE3<XBSP>","2019-05-13",12.186173532,16.386895256,15.619494129,6.786851802,25.636340147,91726.54
"VALE3<XBSP>","2019-05-14",12.13602467,16.338269454,15.546048232,6.813055863,25.722821582,92092.44
"VALE3<XBSP>","2019-05-15",11.899608605,16.163216567,15.595012163,6.7816109898,25.917404809,91623.44
"VALE3<XBSP>","2019-05-16",11.921100975,15.973575939,15.394260044,6.6217662176,25.079615915,90024.47
"VALE3<XBSP>","2019-05-17",11.813639127,16.095140444,15.423638403,6.4671622577,25.793087747,89992.73
"VALE3<XBSP>","2019-05-20",11.813639127,16.532772662,15.825142641,6.6872763702,25.268794052,91946.19
"VALE3<XBSP>","2019-05-21",12.243486518,17.213533889,16.432295391,6.941455762,25.625529968,94484.63
"VALE3<XBSP>","2019-05-22",12.329455996,16.907191337,16.451880964,6.9151524055,25.652555416,94360.66
"VALE3<XBSP>","2019-05-23",12.329455996,16.824527473,16.417606212,6.7967873016,25.847138643,93910.03
"VALE3<XBSP>","2019-05-24",12.221994148,16.659199747,16.172786555,6.8625456927,26.111988035,93627.8
"VALE3<XBSP>","2019-05-27",12.336620119,16.897466176,16.231543272,6.9020007273,27.128144887,94864.25
"VALE3<XBSP>","2019-05-28",12.401097228,17.364273875,16.686907835,7.0492995233,27.160575425,96392.76
"VALE3<XBSP>","2019-05-29",12.365276612,17.709517069,17.000276996,6.9703894541,26.863295495,96566.55
"VALE3<XBSP>","2019-05-30",12.487066706,18.035309942,17.176547149,6.8783277065,27.030853274,97457.36
"VALE3<XBSP>","2019-05-31",12.573036184,17.99154672,17.137376004,6.720507568,26.48493922,97030.32
"VALE3<XBSP>","2019-06-03",12.479902583,17.933195758,17.183911683,6.8362423363,26.393052697,97020.48
"VALE3<XBSP>","2019-06-04",12.429753721,18.025133576,17.154520728,6.8914793848,26.544395206,97380.28
"VALE3<XBSP>","2019-06-05",12.47273846,17.747823829,16.821423238,6.8020479729,26.155228753,95998.75
"VALE3<XBSP>","2019-06-06",12.637513293,18.137030492,16.997768968,6.9125220699,26.376837428,97204.85
"VALE3<XBSP>","2019-06-07",12.616020923,18.141895575,17.17901319,7.0387781808,26.301166173,97821.26
"VALE3<XBSP>","2019-06-10",12.644677416,17.927831911,16.96347952,7.0098444887,26.128203304,97466.69
"VALE3<XBSP>","2019-06-11",12.694826278,18.010538326,17.046753893,7.1439916065,27.798376002,98960
"VALE3<XBSP>","2019-06-12",12.666169786,17.801339745,16.948784043,7.0624512016,27.83080654,98320.88
"VALE3<XBSP>","2019-06-13",12.78795988,17.606736414,16.645077508,7.1492522778,28.025389767,98773.7
"VALE3<XBSP>","2019-06-14",12.637513293,17.577545914,16.649976,7.1176882501,27.782160733,98040.06
"VALE3<XBSP>","2019-06-17",12.752139264,17.533760164,16.63038203,7.1308399283,27.133549977,97623.25
"VALE3<XBSP>","2019-06-18",12.931242343,17.684577746,17.06144937,7.2202713401,28.106466111,99404.39
"VALE3<XBSP>","2019-06-19",13.038704191,17.903506494,17.330866458,7.2386836896,28.268618801,100303.41
"VALE3<XBSP>","2019-06-20","-","-","-","-","-","-"
"VALE3<XBSP>","2019-06-21",13.217807271,18.307308407,17.722745857,7.4385891985,28.344290056,102012.64
"VALE3<XBSP>","2019-06-24",13.110345423,18.453260906,17.683557918,7.4306981916,28.322669697,102062.33
"VALE3<XBSP>","2019-06-25",13.017211822,18.29757824,17.463125755,7.236053354,27.771350554,100092.95
"VALE3<XBSP>","2019-06-26",12.967062959,18.526237155,17.879497617,7.2781387243,27.879452347,100688.63
"VALE3<XBSP>","2019-06-27",12.931242343,18.438665656,17.757035305,7.162403956,27.944313422,100723.97
"VALE3<XBSP>","2019-06-28",12.816616372,18.360824323,17.761933798,7.2097499976,28.009174498,100967.2
"VALE3<XBSP>","2019-07-01",12.759303387,18.399839081,17.681075222,7.1702949629,28.998305902,101339.68
"VALE3<XBSP>","2019-07-02",12.988555329,18.45804322,17.617368465,7.0545601946,27.776755644,100605.17
"VALE3<XBSP>","2019-07-03",13.518700444,18.707542346,17.921200689,7.1361005996,27.722704747,102043.11
"VALE3<XBSP>","2019-07-04",13.611834046,19.113589944,18.127022518,7.2044893263,27.928098153,103636.17
"VALE3<XBSP>","2019-07-05",13.611834046,19.279922695,18.327943827,7.2071196619,27.220031411,104089.47
"VALE3<XBSP>","2019-07-08",13.568849307,19.19186418,18.27893863,7.272878053,27.5389317,104530.22
"VALE3<XBSP>","2019-07-09","-","-","-","-","-","-"
"VALE3<XBSP>","2019-07-10",13.626162292,19.103805665,18.229933433,7.38335215,28.176732277,105817.06
"VALE3<XBSP>","2019-07-11",13.389746227,18.942365054,18.205430834,7.4701532262,28.13349156,105146.44
"VALE3<XBSP>","2019-07-12",13.038704191,18.590130993,17.867294972,7.5043475896,28.003769408,103905.99
"VALE3<XBSP>","2019-07-15",13.074524807,18.511856757,17.818289774,7.4122858421,28.479417296,103802.69
"VALE3<XBSP>","2019-07-16",12.967062959,18.516748897,17.886897051,7.3202240946,28.674000523,103775.41
"VALE3<XBSP>","2019-07-17",12.888257604,18.418906102,17.837891853,7.2807690599,28.479417296,103855.53
"VALE3<XBSP>","2019-07-18",13.074524807,18.82006156,18.313242268,7.236053354,28.4253664,104716.59
"VALE3<XBSP>","2019-07-19",12.959898836,18.394445403,17.837891853,7.2176410045,28.495632565,103451.93
"VALE3<XBSP>","2019-07-22",12.888257604,18.648836669,18.141724077,7.2307926827,28.349695145,103949.46
"VALE3<XBSP>","2019-07-23",12.916914097,18.712434486,18.318142788,7.2386836896,27.97674396,103704.28
"VALE3<XBSP>","2019-07-24",12.866765235,19.064668547,18.303441229,7.1939679837,27.376779011,104119.54
"VALE3<XBSP>","2019-07-25",13.962876082,17.954152827,17.739881459,7.0729725441,27.290297576,102654.58
"VALE3<XBSP>","2019-07-26",14.1849639,17.72422226,18.058415242,6.8756973709,27.149765246,102818.93
"VALE3<XBSP>","2019-07-29",14.686452523,17.685085142,18.131923038,6.9388254263,27.165980515,103482.63
"VALE3<XBSP>","2019-07-30",14.571826552,17.318174662,17.52915911,6.9020007273,27.030853274,102932.76
"VALE3<XBSP>","2019-07-31",14.421379965,16.877882085,17.063609735,6.859915357,26.922751481,101812.13
"VALE3<XBSP>","2019-08-01",14.629139538,16.731117893,17.100379473,6.7336592462,26.160633842,102125.94
"VALE3<XBSP>","2019-08-02",14.6792884,16.779564632,17.124892631,6.9756501253,25.857948823,102673.68
"VALE3<XBSP>","2019-08-05",14.442872335,16.476083592,16.889566308,6.720507568,24.863412329,100097.75
"VALE3<XBSP>","2019-08-06",14.672124277,16.725721222,17.399440008,6.8073086442,25.198527887,102163.69
"VALE3<XBSP>","2019-08-07",14.779586124,17.078150817,18.041684765,6.7336592462,25.122856632,102782.37
"VALE3<XBSP>","2019-08-08",14.450036458,17.161363361,18.139737399,6.9309344194,25.501212907,104115.23
"VALE3<XBSP>","2019-08-09",14.378395226,16.877461742,18.002463711,6.9125220699,24.587752758,103996.16
"VALE3<XBSP>","2019-08-12",13.955711958,16.525032146,17.257263688,6.7468109244,24.4093848,101915.22
"VALE3<XBSP>","2019-08-13",13.884070727,16.691457233,17.595545277,6.8369451371,25.133666811,103299.47
"VALE3<XBSP>","2019-08-14",13.618998169,16.363501915,17.208237371,6.6063075928,24.25804229,100258.01
"VALE3<XBSP>","2019-08-15",13.454223336,16.250920239,17.159211053,6.423388161,23.722938416,99056.91
"VALE3<XBSP>","2019-08-16",13.540192814,16.285184227,17.227871771,6.3385559608,23.614836623,99805.78
"VALE3<XBSP>","2019-08-19",13.690639401,16.050231164,17.15264089,6.3703680359,23.593216265,99468.67
"VALE3<XBSP>","2019-08-20",13.568849307,15.893595787,16.962055991,6.3677170296,23.695912968,99222.25
"VALE3<XBSP>","2019-08-21",13.468551582,16.206866539,17.092456185,6.7468109244,23.863470747,101201.9
"VALE3<XBSP>","2019-08-22",13.232135517,15.996387753,16.821625013,6.6858377805,23.722938416,100011.28
"VALE3<XBSP>","2019-08-23",13.131837793,15.648853013,16.626024722,6.4366431923,23.393227948,97667.49
"VALE3<XBSP>","2019-08-26",12.959898836,15.487322781,16.62100933,6.3518109921,23.133783646,96429.6
"VALE3<XBSP>","2019-08-27",13.017211822,15.683117001,16.816609621,6.4525492298,23.414848307,97276.19
"VALE3<XBSP>","2019-08-28",13.002883575,15.590114747,17.00719452,6.5188243863,23.501329741,98193.53
"VALE3<XBSP>","2019-08-29",13.289448503,15.883806076,17.097471577,6.7600659557,24.376954262,100524.43
"VALE3<XBSP>","2019-08-30",13.411238597,16.128548851,17.022240696,6.7600659557,24.630993475,101134.61
"VALE3<XBSP>","2019-09-02",13.167658408,15.962123764,16.808992286,6.7070458305,24.868817419,100625.74
"VALE3<XBSP>","2019-09-03",13.267956133,15.702043274,16.487865269,6.7865760183,24.603968027,99680.83
"VALE3<XBSP>","2019-09-04",13.468551582,15.897951487,16.603270291,6.9615424312,25.144476991,101200.89
"VALE3<XBSP>","2019-09-05",13.389746227,16.265279387,17.074925597,6.9960055126,25.144476991,102243
"VALE3<XBSP>","2019-09-06",13.411238597,16.946060427,17.646933096,7.0304685939,25.106641363,102935.43
"VALE3<XBSP>","2019-09-09",13.518700444,17.161559461,18.078447524,7.1391598504,25.884974271,103180.59
"VALE3<XBSP>","2019-09-10",13.482879828,16.857901731,17.72721485,7.1842269568,26.074152408,103031.5
"VALE3<XBSP>","2019-09-11",13.547356937,16.784436151,17.646933096,7.1232538129,25.917404809,103445.6
"VALE3<XBSP>","2019-09-12",13.876906603,16.603221054,17.757320508,7.1736229318,26.857890405,104370.91
"VALE3<XBSP>","2019-09-13",13.683475278,16.38772202,17.99816577,7.1259048192,26.911941302,103501.18
"VALE3<XBSP>","2019-09-16",13.719295893,16.172222985,17.677038753,7.4387235575,26.263330545,103680.41
"VALE3<XBSP>","2019-09-17",13.919891343,16.603221054,17.742267679,7.340636326,26.430888324,104616.86
"VALE3<XBSP>","2019-09-18",13.798101248,16.652198107,17.687073973,7.2160390319,26.160633842,104531.93
"VALE3<XBSP>","2019-09-19",13.862578357,16.451392189,17.391035004,7.2345960757,26.117393125,104339.16
"VALE3<XBSP>","2019-09-20",13.89123485,16.740356803,17.436193491,7.1577168942,26.171444021,104817.4
"VALE3<XBSP>","2019-09-23",13.905563096,16.77464074,17.380999785,7.2849651946,25.998481153,104637.82
"VALE3<XBSP>","2019-09-24",13.862578357,16.559141706,17.200365838,7.2292940632,25.366085666,103875.66
"VALE3<XBSP>","2019-09-25",14.041681437,16.666891223,17.401070223,7.247851107,25.868759002,104480.98
"VALE3<XBSP>","2019-09-26",13.991532574,16.906878784,17.902831187,7.3432873323,25.868759002,105319.4
"VALE3<XBSP>","2019-09-27",13.934219589,16.897083374,17.827567043,7.3326833072,25.760657209,105077.63
"VALE3<XBSP>","2019-09-30",13.790937125,16.613016465,17.576686561,7.3035222384,25.809303016,104745.32
"VALE3<XBSP>","2019-10-01",13.833921864,16.38772202,17.177615711,7.2929182134,25.787682657,104053.4
"VALE3<XBSP>","2019-10-02",13.511536321,15.755057146,16.705758353,7.0834887191,24.376954262,101031.44
"VALE3<XBSP>","2019-10-03",13.310940872,15.799161505,16.710778112,7.0887907316,24.56072731,101516.04
"VALE3<XBSP>","2019-10-04",13.762280633,15.960877489,16.791094258,7.0278175877,25.182312618,102551.32
"VALE3<XBSP>","2019-10-07",13.518700444,15.857967317,16.479869193,6.9376833749,24.885032688,100572.77
"VALE3<XBSP>","2019-10-08",13.325269118,15.843265865,16.409592565,6.897918281,24.495866234,99981.4
"VALE3<XBSP>","2019-10-09",13.375417981,16.294110424,16.670620039,7.0304685939,24.685044371,101248.78
"VALE3<XBSP>","2019-10-10",13.196314901,16.480328829,16.791094258,7.0887907316,25.533643444,101817.13
"VALE3<XBSP>","2019-10-11",13.310940872,16.666547234,17.006943901,7.2266430569,26.290355994,103831.92
"VALE3<XBSP>","2019-10-14",13.411238597,16.901770482,17.29307017,7.2398980882,25.939025167,104301.58
"VALE3<XBSP>","2019-10-15",13.533028691,17.038984043,17.252912097,7.3167772697,25.89578445,104489.56
"VALE3<XBSP>","2019-10-16",13.533028691,17.445724243,17.498880294,7.4042604762,25.2958195,105422.8
"VALE3<XBSP>","2019-10-17",13.447059213,17.151695183,17.393465353,7.3326833072,25.247173694,105015.77
"VALE3<XBSP>","2019-10-18",13.375417981,17.067604549,17.187655229,7.3167772697,24.879627598,104728.89
"VALE3<XBSP>","2019-10-21",13.604669923,17.188830506,17.46876174,7.361844376,25.517428175,106022.28
"VALE3<XBSP>","2019-10-22",13.447059213,17.678785416,18.010895725,7.5739248766,25.566073982,107381.11
"VALE3<XBSP>","2019-10-23",13.382582104,17.830317862,18.26690344,7.6746631144,25.463377279,107543.59
"VALE3<XBSP>","2019-10-24",13.747952386,17.810113536,18.352239345,7.5076497202,25.268794052,106986.15
"VALE3<XBSP>","2019-10-25",12.6088568,18.042463287,18.472713564,7.7541933021,26.247115276,107363.77
"VALE3<XBSP>","2019-10-28",12.565872061,18.694052807,18.72370152,7.8469785211,26.322786531,108187.06
"VALE3<XBSP>","2019-10-29",12.594528554,18.436447648,18.392397418,7.9053006588,26.295761083,107556.26
"VALE3<XBSP>","2019-10-30",12.580200307,18.522316034,18.507851878,7.9742268214,26.263330545,108407.54
"VALE3<XBSP>","2019-10-31",12.45124609,17.764653802,18.186587294,8.0564080154,25.512023086,107219.83
"VALE3<XBSP>","2019-11-01",12.415425474,17.613121356,18.25438211,8.0670120404,26.182254201,108195.63
"VALE3<XBSP>","2019-11-04",12.587364431,17.632818568,18.31464417,8.0484549966,26.928156571,108779.33
"VALE3<XBSP>","2019-11-05",12.687662155,17.870348655,18.631019981,7.8602335524,26.955182019,108719.02
"VALE3<XBSP>","2019-11-06",12.551543815,17.774325854,18.379928067,7.8761395899,26.857890405,108360.22
"VALE3<XBSP>","2019-11-07",12.580200307,17.819810339,18.490408509,8.1916093345,27.08490417,109580.57
"VALE3<XBSP>","2019-11-08",12.393933105,17.304319512,18.214207404,7.9583207839,26.582230834,107628.98
"VALE3<XBSP>","2019-11-11",12.565872061,17.263888859,18.294556817,8.072314053,26.014696422,108367.44
"VALE3<XBSP>","2019-11-12",12.444081967,17.102166247,17.983202844,8.0109377808,25.89037936,106751.11
"VALE3<XBSP>","2019-11-13",12.444081967,16.92528214,17.802416666,7.978915378,25.468782369,106059.95
"VALE3<XBSP>","2019-11-14",12.501394952,16.854528497,17.917918946,7.8188033637,25.403921293,106556.88
"VALE3<XBSP>","2019-11-15","-","-","-","-","-","-"
"VALE3<XBSP>","2019-11-18",12.580200307,16.743344201,17.837569534,7.7600956251,25.733631761,106269.25
"VALE3<XBSP>","2019-11-19",12.659005662,16.713021211,17.641717842,7.680039618,26.036316781,105864.18
"VALE3<XBSP>","2019-11-20","-","-","-","-","-","-"
"VALE3<XBSP>","2019-11-21",12.94557059,16.809044012,17.822504019,7.9655727101,26.171444021,107496.73
"VALE3<XBSP>","2019-11-22",13.031540068,17.087004752,17.943028138,8.0002636465,27.041663453,108692.28
"VALE3<XBSP>","2019-11-25",13.038704191,17.001089614,17.686914386,7.9335503073,27.490285893,108423.93
"VALE3<XBSP>","2019-11-26",12.916914097,16.637213736,17.325342031,7.7894494944,27.68486912,107059.4
"VALE3<XBSP>","2019-11-27",12.866765235,16.915174476,17.425778796,7.8268089644,27.338943383,107707.75
"VALE3<XBSP>","2019-11-28",12.902585851,16.783774854,17.375560413,7.8801796358,27.225436501,108290.09
"VALE3<XBSP>","2019-11-29",12.931242343,16.86463616,17.475997179,7.7787753601,27.014638005,108233.28
"VALE3<XBSP>","2019-12-02",12.873929358,16.975820456,17.724685366,7.7574270916,27.749730195,108927.83
"VALE3<XBSP>","2019-12-03",12.802288126,17.035982306,17.72970937,7.7334102894,27.252461949,108956.02
"VALE3<XBSP>","2019-12-04",13.110345423,17.475914173,18.367757851,7.9148705723,27.522716431,110300.93
"VALE3<XBSP>","2019-12-05",13.002883575,17.546707807,18.342637832,8.0189433815,27.5389317,110622.27
"VALE3<XBSP>","2019-12-06",13.217807271,17.34949697,18.011053582,8.0989993887,27.755135285,111125.75
"VALE3<XBSP>","2019-12-09",13.210643148,17.496140926,18.362733847,8.0616399187,27.803781092,110977.23
"VALE3<XBSP>","2019-12-10",13.160494285,17.435460668,18.096461647,8.1230161908,27.674058941,110672.01
"VALE3<XBSP>","2019-12-11",13.217807271,17.334326906,17.885453487,8.1123420565,28.014579588,110963.87
"VALE3<XBSP>","2019-12-12",13.39691035,17.56693456,17.880429484,8.2644484701,28.619949627,112199.74
"VALE3<XBSP>","2019-12-13",13.618998169,17.597274689,18.261430005,8.0002636465,29.057761888,112564.86
"VALE3<XBSP>","2019-12-16",13.669147031,17.288816713,17.843997151,7.848157233,28.830748123,111896.04
"VALE3<XBSP>","2019-12-17",13.547356937,17.607388065,18.115579971,7.9655727101,28.836153212,112615.66
"VALE3<XBSP>","2019-12-18",13.676311154,18.097886813,18.3469283,8.1497015265,28.901014288,114314.65
"VALE3<XBSP>","2019-12-19",13.73362414,18.43162823,18.437455907,8.1683812615,29.187484039,115131.25
"VALE3<XBSP>","2019-12-20",13.903167794,18.325708592,18.356986923,8.0749825865,29.61448612,115121.08
"VALE3<XBSP>","2019-12-23",13.93992921,18.438671772,18.527983513,8.1390273922,29.500979238,115863.29
"VALE3<XBSP>","2019-12-24","-","-","-","-","-","-"
"VALE3<XBSP>","2019-12-25","-","-","-","-","-","-"
"VALE3<XBSP>","2019-12-26",14.131088577,18.669732821,18.809624957,8.2484372687,29.61448612,117203.2
"VALE3<XBSP>","2019-12-27",14.086974877,18.597847161,18.759331842,8.2565531466,29.738970549,116533.98
"VALE3<XBSP>","2019-12-30",13.726712993,18.572173711,18.658745612,8.1645731967,29.572521087,115645.34
"VALE3<XBSP>","2019-12-31","-","-","-","-","-","-"
"VALE3<XBSP>","2020-01-01","-","-","-","-","-","-"
"VALE3<XBSP>","2020-01-02",14.11638401,19.260222171,19.134207783,8.3052484142,30.143997573,118573.1
"VALE3<XBSP>","2020-01-03",13.91787236,19.269970078,18.932953954,8.2376160981,29.922064957,117706.66
"VALE3<XBSP>","2020-01-06",13.98404291,18.925771732,18.651198593,8.3350066332,29.744518864,116877.92
"VALE3<XBSP>","2020-01-07",14.013452044,18.596985253,18.218502861,8.3025431215,29.960903165,116661.94
"VALE3<XBSP>","2020-01-08",13.947281494,18.309297083,17.921653464,8.2511425613,29.96645148,116247.03
"VALE3<XBSP>","2020-01-09",13.836997244,18.016471625,17.564427917,8.2240896349,29.572521087,115947.11
"VALE3<XBSP>","2020-01-10",13.888463227,17.687685145,17.4084562,8.1889208305,29.605810979,115503.42
"VALE3<XBSP>","2020-01-13",14.123736294,17.877764829,17.639898103,8.2051525864,30.682184167,117325.28
"VALE3<XBSP>","2020-01-14",14.042861177,17.857215674,17.639898103,8.1158779292,30.87082689,117632.4
"VALE3<XBSP>","2020-01-15",13.792883544,17.54384106,17.423550237,7.9941397602,30.770957213,116414.35
"VALE3<XBSP>","2020-01-16",13.748769844,17.795568209,17.458769657,7.9860238823,30.610056066,116704.21
"VALE3<XBSP>","2020-01-17",13.748769844,18.211688597,17.579521954,8.0752985395,31.625397785,118478.3
"VALE3<XBSP>","2020-01-20",13.822292677,17.857215674,17.222296408,8.1158779292,31.825137139,118861.63
"VALE3<XBSP>","2020-01-21",13.778178977,17.261290179,16.85500817,8.0130768087,31.087211191,117026.04
"VALE3<XBSP>","2020-01-22",14.00609976,17.322937644,16.955635085,7.9238021515,31.237015707,118391.36
"VALE3<XBSP>","2020-01-23",13.712008427,17.780156342,17.358142743,8.0076662234,30.793150475,119527.63
"VALE3<XBSP>","2020-01-24",13.96198606,17.646586835,17.227327754,7.9265074441,29.849936857,118376.36
"VALE3<XBSP>","2020-01-27",13.638485593,17.240741024,16.85500817,7.5829352785,28.02454109,114481.84
"VALE3<XBSP>","2020-01-28",13.822292677,17.261290179,16.849976825,7.791242812,28.407374852,116478.98
"VALE3<XBSP>","2020-01-29",13.45467851,17.01470032,16.588346847,7.8047692752,28.157700659,115384.84
"VALE3<XBSP>","2020-01-30",13.484087643,17.184230848,16.829851442,7.829116909,28.573824314,115528.04
"VALE3<XBSP>","2020-01-31",13.12382576,16.896542678,16.512876661,7.6965575695,27.89138152,113760.57
"VALE3<XBSP>","2020-02-03",12.932666393,17.004425742,16.560696301,7.6235146681,28.246473706,114629.21
"VALE3<XBSP>","2020-02-04",12.976780093,17.014179241,16.691571105,7.7452528371,29.0010446,115556.71
"VALE3<XBSP>","2020-02-05",12.682688759,17.343154307,16.79224403,7.6803258136,29.400523309,116028.27
"VALE3<XBSP>","2020-02-06",12.403301992,17.142685126,16.75197486,7.8940439324,29.561424456,115189.97
"VALE3<XBSP>","2020-02-07",12.440063409,17.338014072,16.968421651,7.8264116164,28.906723238,113770.29
"VALE3<XBSP>","2020-02-10",12.300370026,17.523062547,17.255339489,7.8805174692,27.846994997,112570.3
"VALE3<XBSP>","2020-02-11",12.351836009,17.67726961,17.652997546,7.9752027117,28.878981661,115370.61
"VALE3<XBSP>","2020-02-12",12.241551759,17.44081878,17.582526498,8.1510467335,29.444909832,116674.13
"VALE3<XBSP>","2020-02-13",11.962164992,17.106703478,17.310709599,8.0401297352,28.9289165,115662.4
"VALE3<XBSP>","2020-02-14",12.065096959,16.721185822,17.018758114,7.9589709559,28.296408544,114380.71
"VALE3<XBSP>","2020-02-17",12.204790342,16.582399465,16.862715079,7.9427392,29.633552556,115309.08
"VALE3<XBSP>","2020-02-18",11.895994442,16.517521894,16.933186127,8.0482456131,29.295105316,114977.29
"VALE3<XBSP>","2020-02-19",11.859233025,16.754443006,17.174801149,8.2646690245,29.300653632,116517.59
"VALE3<XBSP>","2020-02-20",11.888642159,16.512371435,17.114397393,8.094235588,28.962206392,114586.24
"VALE3<XBSP>","2020-02-21",11.947460425,16.383609961,16.951881346,7.8832227619,27.813705104,113681.42
"VALE3<XBSP>","2020-02-24","-","-","-","-","-","-"
"VALE3<XBSP>","2020-02-25","-","-","-","-","-","-"
"VALE3<XBSP>","2020-02-26",11.631312242,15.502881478,16.106362172,7.0905720174,25.161610343,105718.29
"VALE3<XBSP>","2020-02-27",10.660810841,15.435925511,16.116736641,6.8443903869,24.673358588,102983.54
"VALE3<XBSP>","2020-02-28",10.690219974,15.724351213,16.599149421,6.8552115575,24.584585541,104171.57
"VALE3<XBSP>","2020-03-02",10.822561075,15.935520031,16.544657919,7.177141382,25.721990198,106625.41
"VALE3<XBSP>","2020-03-03",10.837265641,15.522702121,16.243657241,7.0472873352,25.716441883,105537.14
"VALE3<XBSP>","2020-03-04",11.256345792,15.692771567,16.399347247,7.2745319172,26.948167902,107224.22
"VALE3<XBSP>","2020-03-05",11.197527525,15.177409611,15.838863227,6.8416850943,25.993857653,102233.24
"VALE3<XBSP>","2020-03-06",11.263698075,14.744505567,15.501534881,6.1761831041,24.751035003,97996.77
"VALE3<XBSP>","2020-03-09",10.785799658,13.682859937,14.427273843,4.3419946921,20.989277161,86067.2
"VALE3<XBSP>","2020-03-10",10.601992574,14.012691589,14.785360856,4.7504938812,24.862001311,92214.47
"VALE3<XBSP>","2020-03-11",10.109389591,12.878895286,13.581358147,4.2878888392,22.603836943,85171.13
"VALE3<XBSP>","2020-03-12",8.5139441066,11.152432732,12.247613766,3.4086687303,19.613294942,72582.53
"VALE3<XBSP>","2020-03-13",9.3373998405,13.033503873,13.602116814,4.1661506703,23.80227307,82677.91
"VALE3<XBSP>","2020-03-16",8.1095685229,11.173047211,12.351407103,3.5412280698,21.660623325,71168.05
"VALE3<XBSP>","2020-03-17",8.5948192233,12.069777014,13.077960462,3.516880436,23.031057229,74617.24
"VALE3<XBSP>","2020-03-18",8.2272050563,10.662838874,12.169768764,3.054275394,21.444239024,66894.95
"VALE3<XBSP>","2020-03-19",8.6021715066,10.693760591,11.858388752,3.3031623172,20.195868059,68331.8
"VALE3<XBSP>","2020-03-20",8.8595014235,9.9155640379,11.443215404,3.2463511717,19.524521896,67069.36
"VALE3<XBSP>","2020-03-23",8.4624781232,9.1064457666,10.649196376,3.1110865395,18.919755517,63569.62
"VALE3<XBSP>","2020-03-24",8.3007278897,10.47730857,11.676750413,3.584512752,20.883859169,69729.3
"VALE3<XBSP>","2020-03-25",8.5654100899,11.260658743,12.247613766,3.8739790649,22.664868412,74955.57
"VALE3<XBSP>","2020-03-26",9.4109226739,11.497725243,12.584942112,3.8929161134,23.302924684,77709.66
"VALE3<XBSP>","2020-03-27",9.1830018904,10.750450407,11.920664755,3.5980392153,22.248744757,73428.78
"VALE3<XBSP>","2020-03-30",9.2271155905,11.085435678,12.512286776,3.6196815564,23.175313429,74639.48
"VALE3<XBSP>","2020-03-31",8.7639217401,10.70406783,11.982940757,3.7847044076,23.979819162,73019.76
"VALE3<XBSP>","2020-04-01",8.5948192233,10.23508845,11.113106487,3.8685684796,24.063043893,70966.7
"VALE3<XBSP>","2020-04-02",8.8153877235,10.291303631,11.165036892,4.1959088894,23.735693285,72253.46
"VALE3<XBSP>","2020-04-03",8.3742507231,9.9095710653,10.728821497,4.1499189144,22.470677373,69537.56
"VALE3<XBSP>","2020-04-06",8.7198080401,10.848426835,11.51816364,4.2662464981,23.929884324,74072.98
"VALE3<XBSP>","2020-04-07",9.1241836237,11.255952141,11.943992954,4.4366799346,24.290524825,76358.09
"VALE3<XBSP>","2020-04-08",9.0506607903,11.555147936,12.556771723,4.6855668578,24.140720309,78624.62
"VALE3<XBSP>","2020-04-09",8.8962628402,11.549989388,12.203644975,4.5503022256,24.013109055,77681.94
"VALE3<XBSP>","2020-04-10","-","-","-","-","-","-"
"VALE3<XBSP>","2020-04-13",8.8962628402,11.849185183,12.463296995,4.5800604447,24.728841742,78835.82
"VALE3<XBSP>","2020-04-14",8.8889105569,11.978664742,12.619088208,4.5259545918,24.70664848,79918.36
"VALE3<XBSP>","2020-04-15",8.7565694568,11.632526159,12.15171457,4.4312693493,23.963174216,78831.46
"VALE3<XBSP>","2020-04-16",8.4183644232,11.3317828,11.845325186,4.2527200349,23.724596654,77811.85
"VALE3<XBSP>","2020-04-17",8.5286486733,11.553084517,12.058239843,4.3636370332,24.412587764,78990.29
"VALE3<XBSP>","2020-04-20",8.5360009566,11.178573919,11.757043499,4.3149417657,23.558147192,78972.76
"VALE3<XBSP>","2020-04-21","-","-","-","-","-","-"
"VALE3<XBSP>","2020-04-22",8.5433532399,11.138853098,11.616831408,4.5313651771,23.80227307,80687.15
"VALE3<XBSP>","2020-04-23",8.4918872565,10.979969813,11.450654114,4.58547103,24.140720309,79673.3
"VALE3<XBSP>","2020-04-24",8.1683867896,10.12313496,10.843068386,4.3149417657,24.279428194,75330.61
"VALE3<XBSP>","2020-04-27",8.5360009566,10.418203916,11.201388174,4.4502063978,24.717745111,78238.6
"VALE3<XBSP>","2020-04-28",8.6021715066,11.3317828,12.125749368,4.6666298093,24.751035003,81312.23
"VALE3<XBSP>","2020-04-29",8.5801146566,11.711967801,12.286733621,4.9236326104,25.927277868,83170.8
"VALE3<XBSP>","2020-04-30",8.3374893064,10.866481753,11.824553024,4.8830532207,24.889742888,80505.89
"VALE3<XBSP>","2020-05-01","-","-","-","-","-","-"
"VALE3<XBSP>","2020-05-04",8.6462852067,10.384157498,11.375058919,4.7017986136,24.373749556,78876.22
"VALE3<XBSP>","2020-05-05",8.7786263068,10.394935745,11.795972474,4.8532950016,24.246138302,79470.78
"VALE3<XBSP>","2020-05-06",8.69775119,10.17908462,11.556935147,4.6747456872,24.595682172,79063.68
"VALE3<XBSP>","2020-05-07",8.4845349732,9.7417020784,11.141218055,4.7180303695,25.549992421,78118.57
"VALE3<XBSP>","2020-05-08",8.8521491402,10.17908462,11.598506856,4.9993808044,27.103520733,80263.35
"VALE3<XBSP>","2020-05-11",8.7786263068,10.025716716,11.629685638,4.9101061471,26.482109408,79064.6
"VALE3<XBSP>","2020-05-12",8.6168760733,9.7133006146,11.229557937,4.9074008545,26.332304892,77871.95
"VALE3<XBSP>","2020-05-13",8.2786710397,9.6280962232,11.224361473,4.7586097591,26.931522956,77772.2
"VALE3<XBSP>","2020-05-14",8.63158064,10.156363449,11.718025519,4.7072091989,26.681848763,79010.81
"VALE3<XBSP>","2020-05-15",8.5580578066,9.7189809073,11.239950864,4.6395768828,26.659655501,77556.62
"VALE3<XBSP>","2020-05-18",8.8962628402,10.230207255,11.780383083,5.0156125602,28.440664745,81194.29
"VALE3<XBSP>","2020-05-19",8.7786263068,9.9291517393,11.271129646,5.0534866572,29.095365962,80742.35
"VALE3<XBSP>","2020-05-20",8.9256719736,10.031397009,11.224361473,5.2212148011,29.128655854,81319.45
"VALE3<XBSP>","2020-05-21",8.7345126067,10.588065699,11.868722965,5.191456582,28.368536645,83027.09
"VALE3<XBSP>","2020-05-22",8.63158064,10.650548919,11.931080529,5.0507813646,27.89138152,82173.21
"VALE3<XBSP>","2020-05-25",9.021251657,11.406027856,12.450726893,5.2699100687,27.797060158,85663.48
"VALE3<XBSP>","2020-05-26",9.2124110238,10.911842386,11.957062847,5.3213106289,27.297711772,85468.91
"VALE3<XBSP>","2020-05-27",9.8373551076,11.099292047,12.33120823,5.3916482376,28.09666919,87946.25
"VALE3<XBSP>","2020-05-28",9.4256272406,10.849359166,12.112956757,5.3483635553,27.791511843,86949.09
"VALE3<XBSP>","2020-05-29",9.1756496071,10.764154774,11.972652238,5.502565236,29.406071624,87402.59
"VALE3<XBSP>","2020-06-01",9.2638770071,11.246979659,12.302842647,5.4998599433,29.639100871,88620.1
"VALE3<XBSP>","2020-06-02",9.5359114907,11.752427758,13.129618633,5.7893262561,29.639100871,91046.38
"VALE3<XBSP>","2020-06-03",9.7417754242,12.27551598,13.478008513,5.8082633046,29.772260441,93002.14
"VALE3<XBSP>","2020-06-04",9.8373551076,12.451773967,13.867997185,5.7974421341,30.881923521,93828.61
"VALE3<XBSP>","2020-06-05",10.329958091,12.679203629,14.174788274,5.9786967411,30.299350404,94637.06
"VALE3<XBSP>","2020-06-08",10.734333674,13.344435389,14.74677166,6.0950243248,30.393671766,97644.67
"VALE3<XBSP>","2020-06-09",10.528469741,13.048776829,14.455580118,5.8758956207,30.510186389,96746.55
"VALE3<XBSP>","2020-06-10",10.263787541,12.440402484,13.826398394,5.7893262561,30.071869473,94685.98
"VALE3<XBSP>","2020-06-11","-","-","-","-","-","-"
"VALE3<XBSP>","2020-06-12",9.977048491,12.298258946,13.550806399,5.5729028447,29.628004241,92795.27
"VALE3<XBSP>","2020-06-15",9.8741165243,12.025343352,13.233615612,5.5999557711,29.89432338,92375.52
"VALE3<XBSP>","2020-06-16",9.7491277075,12.525688607,13.613204586,5.7812103782,30.732119005,93531.17
"VALE3<XBSP>","2020-06-17",10.124094157,12.724689561,13.784799602,5.8001474267,31.181532553,95547.29
"VALE3<XBSP>","2020-06-18",10.057923607,12.679203629,14.325583894,5.843432109,31.164887607,96125.24
"VALE3<XBSP>","2020-06-19",10.175560141,12.713318078,14.606375738,5.8082633046,30.610056066,96572.1
"VALE3<XBSP>","2020-06-22",10.374071791,12.269830238,14.153988878,5.6675880872,30.515734705,95335.96
"VALE3<XBSP>","2020-06-23",10.241730691,12.252773014,13.966794316,5.8569585722,30.843085313,95975.16
"VALE3<XBSP>","2020-06-24",10.057923607,11.854771106,13.436409721,5.6811145504,30.732119005,94377.36
"VALE3<XBSP>","2020-06-25",10.425537774,12.139058183,13.597605039,5.8082633046,31.070566245,95983.09
"VALE3<XBSP>","2020-06-26",10.256435257,11.763799241,13.368811685,5.6378298681,30.85973026,93834.49
"VALE3<XBSP>","2020-06-29",10.484356041,12.173172632,13.769200055,5.8596638649,30.865278575,95735.35
"VALE3<XBSP>","2020-06-30",10.396128641,11.769484983,13.233615612,5.8299056458,31.026179722,95055.82
"VALE3<XBSP>","2020-07-01",10.557878874,12.031029094,13.579609494,5.8731903281,30.260512196,96203.2
"VALE3<XBSP>","2020-07-02",10.418185491,12.070281586,13.813740692,5.9678755706,30.787602159,96234.96
"VALE3<XBSP>","2020-07-03",10.396128641,12.149953412,13.787726114,5.9462332294,30.659990905,96764.85
"VALE3<XBSP>","2020-07-06",10.557878874,12.889763222,14.427684722,6.0896137395,31.386820223,98937.16
"VALE3<XBSP>","2020-07-07",10.624049424,12.354823821,13.720088212,6.0138655455,31.275853915,97761.04
"VALE3<XBSP>","2020-07-08",10.815208791,12.775946328,14.016654397,6.1274878365,31.802943878,99769.88
"VALE3<XBSP>","2020-07-09",10.763742808,12.491404093,14.021857312,5.9895179117,31.303595492,99160.33
"VALE3<XBSP>","2020-07-10",10.918140758,12.673511123,14.1519302,6.0896137395,31.608752839,100031.83
"VALE3<XBSP>","2020-07-13",10.293196674,12.497094938,13.94381358,5.994928497,31.986038286,98697.06
"VALE3<XBSP>","2020-07-14",10.227026124,12.707656191,14.177944778,6.1951201526,34.233106023,100440.23
"VALE3<XBSP>","2020-07-15",10.506412891,12.918217445,14.276800173,6.3141530289,34.283040862,101790.54
"VALE3<XBSP>","2020-07-16",10.329958091,12.690583657,14.037466059,6.146424885,33.35647219,100553.27
"VALE3<XBSP>","2020-07-17",10.410833208,12.753182949,14.162336031,6.1518354703,33.866917207,102888.25
"VALE3<XBSP>","2020-07-20",10.381424074,12.872690687,14.203959355,6.1518354703,33.733757637,104426.37
"VALE3<XBSP>","2020-07-21",10.793151941,13.219832214,14.412075976,6.3222689068,33.123442943,104309.74
"VALE3<XBSP>","2020-07-22",10.815208791,12.992198426,14.084292299,6.2356995422,32.868220435,104289.57
"VALE3<XBSP>","2020-07-23",10.587288008,12.804400551,13.787726114,6.1059665551,32.651836134,102293.31
"VALE3<XBSP>","2020-07-24",10.976959025,12.884072377,13.772117368,6.1492520956,32.513128249,102381.58
"VALE3<XBSP>","2020-07-27",11.234288942,13.475920225,14.464105131,6.2764033708,34.050011615,104477.08
"VALE3<XBSP>","2020-07-28",11.094595558,13.38486671,14.380858483,6.1681895195,33.478535129,104109.07
"VALE3<XBSP>","2020-07-29",11.138709258,13.805989217,14.719047991,6.2682873319,34.926645448,105605.17
"VALE3<XBSP>","2020-07-30",10.697572258,13.322267418,14.469308047,6.1736002121,33.994528461,105008.7
"VALE3<XBSP>","2020-07-31",10.219673841,12.770255483,13.990639819,6.0058687427,33.683822799,102912.24
"VALE3<XBSP>","2020-08-03",10.079980457,12.63367521,14.201475508,5.8976548915,33.434148606,102829.96
"VALE3<XBSP>","2020-08-04",9.8520596743,12.371088496,13.373750212,5.8922441989,33.678274483,101215.87
"VALE3<XBSP>","2020-08-05",9.6903094408,12.428045625,13.363338573,6.2709926782,34.504973478,102801.76
"VALE3<XBSP>","2020-08-06",9.7491277075,12.513481319,13.550748074,6.2818140633,34.305234123,104125.64
"VALE3<XBSP>","2020-08-07",9.7858891242,12.439437051,13.264428003,6.1654841733,33.539566598,102775.55
"VALE3<XBSP>","2020-08-10",9.7344231408,12.547655597,13.436220046,6.3440370278,34.510521793,103444.48
"VALE3<XBSP>","2020-08-11",9.8594119576,12.445132764,13.280045462,6.2439392154,33.445245236,102174.4
"VALE3<XBSP>","2020-08-12",9.910877941,12.331218506,13.129076697,6.3521530666,34.122139715,102117.79
"VALE3<XBSP>","2020-08-13",9.7123662908,12.074911423,12.754257696,6.1790109047,33.484083444,100460.6
"VALE3<XBSP>","2020-08-14",9.7491277075,12.091998562,12.873991543,6.1330200179,34.038914984,101353.45
"VALE3<XBSP>","2020-08-17",9.4476840906,11.73886436,12.566848195,6.1140825939,34.527166739,99595.41
"VALE3<XBSP>","2020-08-18",9.6167866074,11.864170045,12.646619985,6.2277071377,34.987676918,102065.35
"VALE3<XBSP>","2020-08-19",9.4476840906,11.818604341,12.584012955,6.1925376361,34.615939786,100853.72
"VALE3<XBSP>","2020-08-20",9.4697409406,11.790125777,12.584012955,6.1492520956,34.926645448,101467.87
"VALE3<XBSP>","2020-08-21",9.5359114907,11.790125777,12.563143946,6.1032612088,34.510521793,101521.29
"VALE3<XBSP>","2020-08-24",9.455036374,12.057824285,12.771834044,6.2141804063,34.932193764,102297.95
"VALE3<XBSP>","2020-08-25",9.3741612572,12.057824285,12.6779235,6.1871269435,34.1887195,102117.64
"VALE3<XBSP>","2020-08-26",9.3373998405,11.807212915,12.411843624,6.0112794353,34.2608476,100627.33
"VALE3<XBSP>","2020-08-27",9.3226952738,11.983780016,12.61531647,5.9923420113,33.728209322,100623.64
"VALE3<XBSP>","2020-08-28",9.3741612572,12.228695673,12.745747782,6.0978505163,33.900207099,102142.93
"VALE3<XBSP>","2020-08-31",9.0506607903,11.812908628,12.286629565,5.922003008,33.112346312,99369.15
"VALE3<XBSP>","2020-09-01",9.3006384238,12.052128572,12.706886068,6.1871269435,34.266395916,102167.65
"VALE3<XBSP>","2020-09-02",9.3815135406,12.040142478,12.680783179,6.1681895195,34.022270038,101911.13
"VALE3<XBSP>","2020-09-03",9.2638770071,12.513310956,12.988797262,6.1898322898,32.912606958,100721.36
"VALE3<XBSP>","2020-09-04",9.2638770071,12.524712606,13.030561884,6.2006536749,33.56175986,101241.73
"VALE3<XBSP>","2020-09-07","-","-","-","-","-","-"
"VALE3<XBSP>","2020-09-08",9.0800699237,12.32518373,12.738209534,6.0221008204,32.884865381,100050.43
"VALE3<XBSP>","2020-09-09",9.0800699237,12.29097878,12.753871267,6.1492520956,33.289892405,101292.05
"VALE3<XBSP>","2020-09-10",9.0506607903,11.886220202,12.482401228,5.9842259725,32.474290041,98834.59
"VALE3<XBSP>","2020-09-11",8.8521491402,11.663888026,12.336225053,5.9192976617,34.371813908,98363.22
"VALE3<XBSP>","2020-09-14",9.2418201571,11.800707827,12.555489315,5.8651907361,34.349620647,100274.52
"VALE3<XBSP>","2020-09-15",9.477093224,11.675289676,12.388430829,5.8624853899,34.732454409,100297.91
"VALE3<XBSP>","2020-09-16",9.2344678738,11.698092976,12.351886786,5.8787174675,33.828078999,99675.68
"VALE3<XBSP>","2020-09-17",9.6756048741,11.726597101,12.367548519,5.9923420113,34.443942008,100097.83
"VALE3<XBSP>","2020-09-18",9.4035703906,11.447256674,12.059534436,5.8570746973,34.210912762,98289.71
"VALE3<XBSP>","2020-09-21",9.3594566906,11.276231923,11.955122882,5.6541737263,33.289892405,96990.72
"VALE3<XBSP>","2020-09-22",9.4109226739,11.344641824,12.059534436,5.6271202634,33.415619016,97293.54
"VALE3<XBSP>","2020-09-23",9.1462404737,11.076703047,11.73585862,5.4729155255,34.161271126,95734.82
"VALE3<XBSP>","2020-09-24",9.3153429905,11.287633573,12.022990392,5.5189064122,33.906940174,97012.07
"VALE3<XBSP>","2020-09-25",9.4403318073,11.276231923,11.96034346,5.4458620627,34.24797486,96999.38
"VALE3<XBSP>","2020-09-28",9.1756496071,11.242026973,11.955122882,5.3105947486,33.976303161,94666.37
"VALE3<XBSP>","2020-09-29",9.0800699237,10.974088196,11.694093998,5.2240236677,33.727752457,93580.35
"VALE3<XBSP>","2020-09-30",9.2197633071,11.065301397,11.746299775,5.3051840561,34.167051375,94603.38
"VALE3<XBSP>","2020-10-01",9.3373998405,11.116608822,11.764583986,5.3701123668,34.022545152,95478.52
"VALE3<XBSP>","2020-10-02",9.2124110238,11.207325853,11.801152409,5.1455686255,33.71041171,94015.68
"VALE3<XBSP>","2020-10-05",9.4182749573,11.367104429,11.926529858,5.4188085998,34.444503324,96089.19
"VALE3<XBSP>","2020-10-06",9.8079459742,11.327159785,11.9474261,5.391755137,33.883819178,95615.03
"VALE3<XBSP>","2020-10-07",9.9476393577,11.207325853,11.858617073,5.3538802891,34.779757761,95526.26
"VALE3<XBSP>","2020-10-08",10.057923607,11.783670003,12.574313346,5.5297277974,35.42714564,97919.73
"VALE3<XBSP>","2020-10-09",9.977048491,11.835027403,12.537744923,5.3565856354,35.606333357,97483.31
"VALE3<XBSP>","2020-10-12","-","-","-","-","-","-"
"VALE3<XBSP>","2020-10-13",10.109389591,11.903503936,12.417591534,5.4458620627,35.918466799,98502.82
"VALE3<XBSP>","2020-10-14",10.146151007,11.914916691,12.381023112,5.4025765222,36.415568206,99334.43
"VALE3<XBSP>","2020-10-15",9.8814688076,11.835027403,12.271317844,5.343058904,36.109215013,99054.06
"VALE3<XBSP>","2020-10-16",9.7564799909,11.601065916,12.072803549,5.2294343602,35.976269288,98309.12
"VALE3<XBSP>","2020-10-19",9.6682525908,11.760844492,12.203405059,5.2808359395,35.808642069,98657.65
"VALE3<XBSP>","2020-10-20",9.8373551076,12.26871211,12.689242674,5.4593887941,35.745059331,100539.83
"VALE3<XBSP>","2020-10-21",9.8300028243,12.39425242,12.804172003,5.4539781015,36.328864472,100552.44
"VALE3<XBSP>","2020-10-22",9.977048491,12.964890193,13.462403611,5.6379416486,36.473370695,101917.73
"VALE3<XBSP>","2020-10-23",10.212321557,12.907826415,13.290009619,5.564897299,36.675679407,101259.75
"VALE3<XBSP>","2020-10-26",10.440242341,13.067604992,13.384042706,5.478326218,36.12655576,101016.96
"VALE3<XBSP>","2020-10-27",10.087332741,12.702396817,13.002686298,5.3782284056,36.143896507,99605.54
"VALE3<XBSP>","2020-10-28",9.8300028243,11.983393224,12.422815595,5.0508815057,34.831780001,95368.76
"VALE3<XBSP>","2020-10-29",9.477093224,11.863559291,12.485504319,5.2186129751,35.849103811,96582.16
"VALE3<XBSP>","2020-10-30",8.9550811069,11.504057495,12.266093783,5.1239258553,34.99940722,93952.4
"VALE3<XBSP>","2020-11-02","-","-","-","-","-","-"
"VALE3<XBSP>","2020-11-03",9.3962181072,11.897797558,12.566669276,5.3160054412,36.612096669,95979.71
"VALE3<XBSP>","2020-11-04",9.4256272406,11.811538378,13.068499663,5.3349428652,35.594772859,97866.81
"VALE3<XBSP>","2020-11-05",9.8005936909,11.994308798,13.376916255,5.3809337519,36.155457004,100751.4
"VALE3<XBSP>","2020-11-06",9.7417754242,11.96575092,13.361234055,5.343058904,36.525392935,100925.11
"VALE3<XBSP>","2020-11-09",10.454946908,13.102354468,14.443305827,5.8462533122,36.525392935,103515.16
"VALE3<XBSP>","2020-11-10",11.182822958,13.947667659,15.09673081,6.2439392154,36.508052189,105066.96
"VALE3<XBSP>","2020-11-11",10.954902175,13.890551903,14.971273214,6.1898322898,36.762383141,104808.83
"VALE3<XBSP>","2020-11-12",10.749038241,13.342240644,14.605355223,5.9274137006,36.224819991,102507.01
"VALE3<XBSP>","2020-11-13",11.109300125,13.81630142,14.882407416,6.1221986328,36.560074429,104723
"VALE3<XBSP>","2020-11-16",11.293107208,14.421728435,15.405147402,6.3007514873,37.525375999,106429.92
"VALE3<XBSP>","2020-11-17",11.366630042,14.50740207,15.415602202,6.4089653385,38.710327028,107248.63
"VALE3<XBSP>","2020-11-18",10.910788475,14.061899172,15.039229412,6.3710904906,38.409754084,106119.09
"VALE3<XBSP>","2020-11-19",10.829913358,14.073322323,15.060139011,6.4441348402,39.143845697,106669.9
"VALE3<XBSP>","2020-11-20",10.587288008,13.919109781,14.924226615,6.3981439534,39.560023619,106042.48
"VALE3<XBSP>","2020-11-23",10.778447375,13.981937113,15.10718561,6.7904191641,41.207394562,107378.92
"VALE3<XBSP>","2020-11-24",10.844617925,14.610210431,15.530604999,7.0934179475,43.236261933,109786.3
"VALE3<XBSP>","2020-11-25",10.653458558,14.421728435,15.347646004,7.1015339863,43.640879358,110132.53
"VALE3<XBSP>","2020-11-26",10.601992574,14.187553835,15.023547212,6.9852040963,44.259365992,110227.09
"VALE3<XBSP>","2020-11-27",10.528469741,14.073322323,15.138550009,6.8986330153,45.340272541,110575.47
"VALE3<XBSP>","2020-11-30",10.278492107,13.879128752,14.929454015,6.7363122385,45.085941588,108893.32
"VALE3<XBSP>","2020-12-01",10.793151941,14.655903036,15.559686703,6.9256864781,46.964522488,111399.91
"VALE3<XBSP>","2020-12-02",10.940197608,14.815359521,15.679980079,7.0095522128,46.14950739,111878.53
"VALE3<XBSP>","2020-12-03",10.807856508,14.621022243,15.669519786,7.2070424913,45.640845485,112291.59
"VALE3<XBSP>","2020-12-04",10.837265641,14.746769893,15.826424189,7.4478183102,47.386480659,113750.22
"VALE3<XBSP>","2020-12-07",11.006368158,14.843938532,15.920566832,7.3044349574,47.947164804,113589.77
"VALE3<XBSP>","2020-12-08",11.065186425,14.666748661,15.878725657,7.2124531838,47.91826356,113793.06
"VALE3<XBSP>","2020-12-09",11.219584375,14.706759277,15.972868299,7.2882028797,47.802658581,113001.16
"VALE3<XBSP>","2020-12-10",11.535732558,15.31263432,16.501113126,7.5262733524,49.132115833,115128.63
"VALE3<XBSP>","2020-12-11",11.396039175,15.192602472,16.403613819,7.4586396954,49.051192348,115128
"VALE3<XBSP>","2020-12-14",11.263698075,15.11258124,16.183501429,7.4721664267,48.29397974,114611.12
"VALE3<XBSP>","2020-12-15",11.440152875,15.11258124,16.330243022,7.5343893912,48.843103387,116148.63
"VALE3<XBSP>","2020-12-16",11.631312242,15.455529377,16.639448522,7.6263711647,49.837306202,117857.35
"VALE3<XBSP>","2020-12-17",11.807767042,15.529834806,16.618485437,7.6398978961,50.403770596,118400.57
"VALE3<XBSP>","2020-12-18",11.969039663,15.558413818,16.592281581,7.6020230482,50.750585531,118023.67
"VALE3<XBSP>","2020-12-21",11.6369856,15.181170867,16.298798395,7.3098456499,50.207242133,115822.57
"VALE3<XBSP>","2020-12-22",11.704905749,15.48982419,16.377409963,7.3801846532,50.253484124,116636.18
"VALE3<XBSP>","2020-12-23",11.697359066,15.844203932,16.739023175,7.561442854,50.496254579,117806.85
"VALE3<XBSP>","2020-12-24","-","-","-","-","-","-"
"VALE3<XBSP>","2020-12-25","-","-","-","-","-","-"
"VALE3<XBSP>","2020-12-28",11.901119514,15.998530594,16.859560912,7.6236658185,50.467353334,119123.7
"VALE3<XBSP>","2020-12-29",12.036959813,15.972580718,16.822875514,7.648013935,50.32862736,119409.15
"VALE3<XBSP>","2020-12-30",11.810559315,15.746307326,16.576559268,7.666951359,50.548276819,119017.24
"VALE3<XBSP>","2020-12-31","-","-","-","-","-","-"
"VALE3<XBSP>","2021-01-01","-","-","-","-","-","-"
"VALE3<XBSP>","2021-01-04",11.682265699,15.334373715,16.201666341,7.8211560969,52.866156637,118854.71
"VALE3<XBSP>","2021-01-05",11.931306247,15.240881682,16.096801187,8.1268602266,53.75631497,119376.21
"VALE3<XBSP>","2021-01-06",12.112426646,15.716977795,16.542478093,8.1349762655,55.264959939,119100.08
"VALE3<XBSP>","2021-01-07",12.112426646,16.164043658,17.21361508,8.3865734696,59.143506965,122385.92
"VALE3<XBSP>","2021-01-08",12.474667442,16.024698454,17.208371823,8.4190376249,58.958539,125076.63
"VALE3<XBSP>","2021-01-11",12.150160062,15.740201996,16.820370752,8.3486986216,58.946978502,123255.13
"VALE3<XBSP>","2021-01-12",12.678427891,15.728589895,16.872803329,8.2864756572,57.334289053,123998
"VALE3<XBSP>","2021-01-13",12.202986845,15.490541839,16.59491067,7.8860844077,55.617555123,121933.08
"VALE3<XBSP>","2021-01-14",12.329389628,15.966637952,17.087776895,7.9672447961,56.530834453,123480.52
"VALE3<XBSP>","2021-01-15",12.094327464,15.52537814,16.442856196,7.6074337408,54.074228661,120348.8
"VALE3<XBSP>","2021-01-18",12.299059026,15.577632591,16.358964073,7.5939070094,54.513527579,121241.63
"VALE3<XBSP>","2021-01-19",12.336972278,15.327972434,16.164963537,7.7616384788,54.369021356,120636.39
"VALE3<XBSP>","2021-01-20",12.147406017,15.008639675,15.897557393,7.6317818573,53.363258044,119646.4
"VALE3<XBSP>","2021-01-21",11.836517349,14.793815819,15.682583827,7.4532290028,53.964403932,118328.99
"VALE3<XBSP>","2021-01-22",11.487715428,14.520931461,15.347015333,7.3287830739,53.854579202,117380.49
"VALE3<XBSP>","2021-01-25","-","-","-","-","-","-"
"VALE3<XBSP>","2021-01-26",11.677281689,14.172568451,14.837630294,7.3044349574,53.033783855,116464.06
"VALE3<XBSP>","2021-01-27",11.669699039,14.399004408,14.827125777,7.407238116,51.55982038,115882.3
"VALE3<XBSP>","2021-01-28",11.783438795,14.82284607,15.436387764,7.5100412747,52.658067675,118883.25
"VALE3<XBSP>","2021-01-29",11.457384826,14.364168107,14.88490062,7.2205692227,50.837289265,115067.55
"VALE3<XBSP>","2021-02-01",11.828934698,14.660276665,15.281656135,7.4478183102,52.756331907,117517.57
"VALE3<XBSP>","2021-02-02",11.836517349,14.601576821,14.955843659,7.7535224399,50.669662046,118233.81
"VALE3<XBSP>","2021-02-03",11.889595902,14.67130182,14.8822731,7.8049240193,52.270790998,119724.72
"VALE3<XBSP>","2021-02-04",11.828934698,15.112893478,14.819212621,7.7968079804,51.611842621,119260.82
"VALE3<XBSP>","2021-02-05",11.768273495,15.031547646,14.756152142,7.850914906,53.577127254,120240.26
"VALE3<XBSP>","2021-02-08",11.328479769,14.711974736,14.482890065,7.6047283945,54.340120112,119696.36
"VALE3<XBSP>","2021-02-09",11.34364507,14.787510151,14.656306383,7.4505236565,54.478846086,119471.62
"VALE3<XBSP>","2021-02-10",11.381558322,14.624818487,14.551205584,7.5208626598,54.738957287,118435.33
"VALE3<XBSP>","2021-02-11",11.336062419,14.642249737,14.551205584,7.5966123556,53.81411746,119299.83
"VALE3<XBSP>","2021-02-12",11.214740012,14.642249737,14.587990864,7.6940048218,54.270757124,119428.72
"VALE3<XBSP>","2021-02-15","-","-","-","-","-","-"
"VALE3<XBSP>","2021-02-16","-","-","-","-","-","-"
"VALE3<XBSP>","2021-02-17",11.578707233,14.630628904,14.771917262,8.005119644,55.692698359,120355.79
"VALE3<XBSP>","2021-02-18",11.214740012,14.486301655,14.666816463,7.918548563,56.299624496,119198.97
"VALE3<XBSP>","2021-02-19",11.290566516,14.364177073,14.514420305,7.3937113846,56.513493706,118430.53
"VALE3<XBSP>","2021-02-22",11.055504352,13.422073151,13.458157277,5.8029677717,55.114673467,112667.7
"VALE3<XBSP>","2021-02-23",11.138913507,14.061773345,14.319983827,6.5090631509,56.039513294,115227.46
"VALE3<XBSP>","2021-02-24",11.131330857,13.962910588,14.10978223,6.6010449244,56.605977689,115667.78
"VALE3<XBSP>","2021-02-25",10.744615684,13.631429578,13.705144154,6.2736980245,55.322762428,112256.36
"VALE3<XBSP>","2021-02-26",10.630875927,13.375549501,13.502728478,6.0166901278,54.634912807,110035.17
"VALE3<XBSP>","2021-03-01",10.441309666,12.933574822,13.098201856,5.9517618171,56.97591362,110334.83
"VALE3<XBSP>","2021-03-02",10.608127976,13.282203449,13.626994825,5.9490564708,58.727329043,111539.8
"VALE3<XBSP>","2021-03-03",10.744615684,13.398611893,13.658722404,5.7326287684,58.004797928,111183.95
"VALE3<XBSP>","2021-03-04",11.207157361,13.916629468,14.087044709,6.0112794353,57.143540839,112690.17
"VALE3<XBSP>","2021-03-05",11.434636875,14.574337176,14.610549749,6.0572703221,60.533339737,115202.23
"VALE3<XBSP>","2021-03-08",11.138913507,14.056319601,14.145211936,5.7082806519,60.207144712,110611.58
"VALE3<XBSP>","2021-03-09",11.495298078,14.172728045,14.340865334,5.8408426196,59.603079851,111330.62
"VALE3<XBSP>","2021-03-10",11.578707233,14.411365355,14.446623928,6.0437435906,58.684901262,112776.49
"VALE3<XBSP>","2021-03-11",11.442219525,14.661643509,14.467775647,6.3007514873,60.225266657,114983.76
"VALE3<XBSP>","2021-03-12",11.396723623,14.562696332,14.372592913,6.2682873319,58.835917477,114160.4
"VALE3<XBSP>","2021-03-15",11.601455185,14.766411109,14.541806663,6.3981439534,58.485559857,114850.74
"VALE3<XBSP>","2021-03-16",11.411888924,14.521953377,14.2456826,6.298046141,58.29829975,114018.78
"VALE3<XBSP>","2021-03-17",11.69244699,15.127277285,14.800915218,6.5144738435,59.137949907,116549.44
"VALE3<XBSP>","2021-03-18",11.601455185,15.40665755,14.885522093,6.2872247559,58.086877049,114835.43
"VALE3<XBSP>","2021-03-19",11.745525543,15.56380895,14.917249671,6.4928310732,57.253267541,116221.58
"VALE3<XBSP>","2021-03-22",11.783438795,15.482323039,15.001856546,6.3629744517,56.304885709,114978.86
"VALE3<XBSP>","2021-03-23",11.434636875,15.313530795,14.621125608,6.1681895195,55.006146257,113261.8
"VALE3<XBSP>","2021-03-24",11.222322662,15.156379396,14.367304983,6.1736002121,56.268641817,112064.19
"VALE3<XBSP>","2021-03-25",11.366393021,15.493963883,14.621125608,6.2764033708,55.839755766,113749.9
"VALE3<XBSP>","2021-03-26",11.487715428,15.598731483,14.870453366,6.3467423741,57.706316187,114780.62
"VALE3<XBSP>","2021-03-29",11.601455185,15.662756127,14.865155734,6.4468401864,59.186275096,115418.72
"VALE3<XBSP>","2021-03-30",11.821352048,15.924675126,15.108846812,6.4468401864,58.636576073,116849.67
"VALE3<XBSP>","2021-03-31",11.593872534,15.581270216,14.817477045,6.519884536,59.180234448,116633.72
"VALE3<XBSP>","2021-04-01",11.373975671,15.010868841,14.364286458,6.4630722641,58.829876828,115253.31
"VALE3<XBSP>","2021-04-02","-","-","-","-","-","-"
"VALE3<XBSP>","2021-04-05",11.578707233,15.150064682,14.549803072,6.5036524583,62.454265995,117518.44
"VALE3<XBSP>","2021-04-06",11.669699039,14.911251667,14.380187882,6.4982417658,61.644819081,117498.87
"VALE3<XBSP>","2021-04-07",11.540793981,14.748159851,14.252976489,6.4928310732,63.161021883,117623.58
"VALE3<XBSP>","2021-04-08",11.715194941,14.70156219,14.14166652,6.4116706848,63.124777991,118313.23
"VALE3<XBSP>","2021-04-09",11.646951087,14.678263359,14.120464621,6.3981439534,62.218680699,117669.9
"VALE3<XBSP>","2021-04-12",11.760690844,14.981148159,14.470295952,6.4630722641,62.460306644,118811.74
"VALE3<XBSP>","2021-04-13",11.85168265,14.85300459,14.464995477,6.4847150344,62.569038319,119297.13
"VALE3<XBSP>","2021-04-14",11.988170358,15.02774582,14.650512092,6.587518193,64.634940144,120294.68
"VALE3<XBSP>","2021-04-15",12.03366626,15.02774582,14.650512092,6.4566547481,65.365858626,120700.67
"VALE3<XBSP>","2021-04-16",11.980587707,15.202487051,14.814826808,6.41750656,65.643728462,121113.93
"VALE3<XBSP>","2021-04-19",11.927509154,15.1337555,14.59220687,6.7894143475,65.075907493,120933.78
"VALE3<XBSP>","2021-04-20",11.844099999,14.903097076,14.518000224,6.6607845864,64.127525661,120061.99
"VALE3<XBSP>","2021-04-21","-","-","-","-","-","-"
"VALE3<XBSP>","2021-04-22",12.056414212,14.800582221,14.523300699,6.6300252957,64.169810201,119371.48
"VALE3<XBSP>","2021-04-23",12.018500959,15.076090894,14.59220687,6.6244326974,65.232964357,120530.06
"VALE3<XBSP>","2021-04-26",11.821352048,15.088905251,14.581605921,6.6495993898,65.583321976,120594.61
"VALE3<XBSP>","2021-04-27",11.593872534,14.954354503,14.358985983,6.4594510473,66.519622511,119388.37
"VALE3<XBSP>","2021-04-28",11.533211331,15.697587204,14.983879072,6.6943401763,67.606939261,121052.52
"VALE3<XBSP>","2021-04-29",11.571124583,15.229863177,14.511151232,6.6048586033,67.625061207,120065.75
"VALE3<XBSP>","2021-04-30",11.328479769,15.281120604,14.622693756,6.6048586033,65.855151164,118893.84
"VALE3<XBSP>","2021-05-03",11.222322662,15.736030274,14.827299865,6.5517289194,65.516874841,119209.48
"VALE3<XBSP>","2021-05-04",11.101000255,15.260875111,14.194880982,6.4007287651,66.507541214,117712
"VALE3<XBSP>","2021-05-05",11.267818565,15.28652364,14.598778756,6.6635808856,66.876020779,119564.44
"VALE3<XBSP>","2021-05-06",12.268728424,15.363469229,14.508433202,6.5713030135,69.497662276,119920.61
"VALE3<XBSP>","2021-05-07",12.291476375,15.427590553,14.683809867,6.8173773391,69.739288221,122038.11
"VALE3<XBSP>","2021-05-10",12.511373238,15.799494232,14.901702087,6.9068589121,69.280198926,121909.03
"VALE3<XBSP>","2021-05-11",12.791931305,15.773845703,14.869815421,7.032692374,71.714580317,122964.01
"VALE3<XBSP>","2021-05-12",12.791931305,15.453239083,14.6519232,6.9292293053,69.062735576,119710.03
"VALE3<XBSP>","2021-05-13",12.799513955,15.812318497,15.077078752,6.9879515875,67.951256232,120705.91
"VALE3<XBSP>","2021-05-14",13.026993469,15.959797542,15.411888749,7.3486741785,66.78541105,121880.82
"VALE3<XBSP>","2021-05-17",13.193811779,16.030330999,15.40125986,7.4549335464,68.537199147,122937.87
"VALE3<XBSP>","2021-05-18",13.20897708,16.286816295,15.369373194,7.3682482726,69.225833089,122979.96
"VALE3<XBSP>","2021-05-19",13.315134186,16.395822546,15.480976526,7.3123222895,67.806280665,122636.3
"VALE3<XBSP>","2021-05-20",13.299968885,16.549713724,15.566007637,7.2508037081,67.117646723,122700.79
"VALE3<XBSP>","2021-05-21",13.353047438,16.626659312,15.640409858,7.2563963064,66.084695811,122592.47
"VALE3<XBSP>","2021-05-24",13.368212739,16.581774386,15.597894303,7.3794334692,66.314240458,124031.62
"VALE3<XBSP>","2021-05-25",13.353047438,16.498416664,15.437525034,7.2256370157,64.665143387,122987.71
"VALE3<XBSP>","2021-05-26",13.246890332,16.876732476,15.650456414,7.2955444945,66.5679477,123989.17
"VALE3<XBSP>","2021-05-27",13.413708642,16.979326594,15.517374302,7.2452111098,67.04515894,124366.57
"VALE3<XBSP>","2021-05-28",13.535031049,17.017799389,15.772891957,7.5472114185,67.407597857,125561.37
"VALE3<XBSP>","2021-05-31",13.610857553,16.979326594,15.724982397,7.5136558286,69.334564764,126215.73
"VALE3<XBSP>","2021-06-01",14.23263489,17.364054538,16.29752621,7.6311003931,68.380142283,128267.05
"VALE3<XBSP>","2021-06-02",14.687593917,18.043559332,16.840777084,7.846415428,69.346646061,129601.44
"VALE3<XBSP>","2021-06-03","-","-","-","-","-","-"
"VALE3<XBSP>","2021-06-04",14.695176567,18.024309446,17.192292355,7.9694525908,68.198922825,130125.78
"VALE3<XBSP>","2021-06-07",14.861994877,18.248891444,17.597067516,7.9107303086,67.534451478,130776.27
"VALE3<XBSP>","2021-06-08",14.854412227,18.120558874,17.47456977,8.0141933773,66.398809539,129787.11
"VALE3<XBSP>","2021-06-09",14.642098014,18.030726075,17.714239273,8.0141933773,67.776077422,129906.8
"VALE3<XBSP>","2021-06-10",14.657263315,18.043559332,17.623697461,8.0281748731,67.528410829,130076.17
"VALE3<XBSP>","2021-06-11",14.361539948,17.992226304,17.442613836,7.9890266849,69.068776225,129441.03
"VALE3<XBSP>","2021-06-14",14.771003072,17.915226762,17.384027958,8.0393600697,68.694256011,130207.96
"VALE3<XBSP>","2021-06-15",14.505610306,17.928060019,17.384027958,8.117656446,67.353232019,130091.08
"VALE3<XBSP>","2021-06-16",14.475279704,18.017892818,17.73021724,8.1484157367,65.329614734,129259.49
"VALE3<XBSP>","2021-06-17",14.414618501,17.940893276,17.522503671,7.8659895221,63.970468797,128057.22
"VALE3<XBSP>","2021-06-18",14.22505224,17.70989465,17.202944333,7.919119206,65.897435704,128405.35
"VALE3<XBSP>","2021-06-21",14.202304288,17.75481105,17.282834167,8.0952860528,66.513581862,129264.96
"VALE3<XBSP>","2021-06-22",13.868667669,17.427562996,17.059142631,8.1372305401,67.292825533,128767.45
"VALE3<XBSP>","2021-06-23",13.641188155,17.350563454,16.936644885,8.1931565232,68.301613851,128427.98
"VALE3<XBSP>","2021-06-24",13.610857553,17.478896024,16.941970874,8.2910269936,68.386054668,129513.62
"VALE3<XBSP>","2021-06-25",12.852592509,16.933482602,16.404045989,8.1372305401,69.229870708,127255.61
"VALE3<XBSP>","2021-06-28",13.269638283,16.850066432,16.217636376,8.1232490443,68.121207298,127429.17
"VALE3<XBSP>","2021-06-29",13.110402624,16.747400376,16.057856707,8.1596009333,69.297622361,127327.44
"VALE3<XBSP>","2021-06-30",12.943584314,16.509985121,15.871447093,8.2295084122,69.753406207,126801.66
"VALE3<XBSP>","2021-07-01",13.04215877,16.304653009,15.820824717,8.1260453435,68.540035697,125666.19
"VALE3<XBSP>","2021-07-02",13.21655973,16.695701535,15.991342195,8.1596009333,69.956661166,127621.65
"VALE3<XBSP>","2021-07-05",13.603274903,16.399969643,15.772866677,8.0673230612,69.704132278,126920.05
"VALE3<XBSP>","2021-07-06",13.307551536,16.196691331,15.597020528,7.737359761,70.073686748,125094.88
"VALE3<XBSP>","2021-07-07",13.474369845,16.314723899,15.815496046,7.8436191289,70.276941706,127018.71
"VALE3<XBSP>","2021-07-08",13.163481177,16.124560317,15.60767787,7.6870263762,70.005935095,125427.77
"VALE3<XBSP>","2021-07-09","-","-","-","-","-","-"
"VALE3<XBSP>","2021-07-12",13.39096069,16.531116942,15.820824717,7.7541375559,70.874388099,127593.83
"VALE3<XBSP>","2021-07-13",13.497117797,16.518002212,15.916740798,7.8016746415,71.293216499,128167.74
"VALE3<XBSP>","2021-07-14",13.580526952,16.590133226,15.938055483,7.737359761,70.905184305,128406.51
"VALE3<XBSP>","2021-07-15",13.360630089,16.340953359,15.746223321,7.5723781109,71.126916987,127467.88
"VALE3<XBSP>","2021-07-16",13.21655973,15.980298289,15.490447104,7.4605261447,69.845794825,125960.26
"VALE3<XBSP>","2021-07-19",12.898088411,15.744233152,15.399859694,7.3374889819,69.08204892,124394.57
"VALE3<XBSP>","2021-07-20",12.913253712,15.986855653,15.602349199,7.4353594523,69.66101759,125401.36
"VALE3<XBSP>","2021-07-21",13.04215877,15.993413018,15.666293253,7.538822521,70.461718941,125929.25
"VALE3<XBSP>","2021-07-22",12.913253712,15.868823085,15.506433118,7.5220447261,70.646496176,126146.66
"VALE3<XBSP>","2021-07-23",12.7009395,15.704888962,15.463803748,7.4773039396,70.289260189,125052.78
"VALE3<XBSP>","2021-07-26",12.958749615,15.83603626,15.735565978,7.6814337779,71.816751998,126003.86
"VALE3<XBSP>","2021-07-27",12.829844557,15.960626194,15.890097442,7.5919522049,70.326215636,124612.03
"VALE3<XBSP>","2021-07-28",13.140733226,16.334395994,16.406978547,7.7485449576,72.247898879,126285.59
"VALE3<XBSP>","2021-07-29",12.989080217,16.177019236,16.321719808,7.7765079492,71.182350158,125675.33
"VALE3<XBSP>","2021-07-30",12.617530345,15.90160991,16.145873659,7.5248410252,66.987906924,121800.79
"VALE3<XBSP>","2021-08-02",12.784348655,15.999970383,16.244502902,7.3850260675,67.092614023,122515.74
"VALE3<XBSP>","2021-08-03",12.943584314,16.091172161,16.404442215,7.5080632303,69.377692496,123576.56
"VALE3<XBSP>","2021-08-04",12.609947694,15.388988057,15.945949517,7.3486741785,69.303781602,121801.21
"VALE3<XBSP>","2021-08-05",12.602365044,15.224926351,15.993931311,7.9275081035,67.185002641,121632.92
"VALE3<XBSP>","2021-08-06",12.966332265,15.559612232,16.441761388,7.9386933001,67.566875593,122810.36
"VALE3<XBSP>","2021-08-09",13.011828168,15.553049764,16.633688564,7.882767317,67.141887953,123019.38
"VALE3<XBSP>","2021-08-10",12.670608898,15.329925843,16.319141248,7.9079340094,67.788608275,122202.47
"VALE3<XBSP>","2021-08-11",12.564451792,15.388988057,16.500405803,8.0169896765,67.302028223,122056.34
"VALE3<XBSP>","2021-08-12",12.572034442,15.172426605,16.191189798,8.1372305401,67.258913535,120700.98
"VALE3<XBSP>","2021-08-13",12.625112995,15.244613756,16.409773526,8.207138019,66.70458183,121193.75
"VALE3<XBSP>","2021-08-16",12.435546734,15.119926859,16.229949537,8.008600779,67.012543888,119180.03
"VALE3<XBSP>","2021-08-17",12.37488553,15.060864644,16.171106608,8.0085744097,65.903880478,117903.81
"VALE3<XBSP>","2021-08-18",12.488625287,14.962427621,16.203202751,7.9374660908,63.6927129,116642.62
"VALE3<XBSP>","2021-08-19",13.034576119,14.929615279,15.994577822,7.8930233915,60.058760612,117164.69
"VALE3<XBSP>","2021-08-20",13.299968885,14.844303192,15.935734894,7.8811720051,60.083397576,118052.77
"VALE3<XBSP>","2021-08-23",13.163481177,14.949302684,16.106914323,8.005611563,59.251900019,117471.67
"VALE3<XBSP>","2021-08-24",13.337882137,15.343050779,16.556260322,8.1715309737,61.413793668,120210.75
"VALE3<XBSP>","2021-08-25",13.330299487,15.369300652,16.57765775,8.215973673,61.284449604,120817.71
"VALE3<XBSP>","2021-08-26",12.973914916,15.073989581,16.176455965,8.1448653541,60.502225976,118723.97
"VALE3<XBSP>","2021-08-27",12.920836363,15.270863629,16.454622536,8.4411500159,62.017399302,120677.6
"VALE3<XBSP>","2021-08-30",13.026993469,15.106801922,16.336936679,8.3848559302,61.623207868,119739.96
"VALE3<XBSP>","2021-08-31",12.966332265,15.19211401,16.550910964,8.0559799555,60.779391828,118781.03
"VALE3<XBSP>","2021-09-01",13.087654673,15.165864137,16.623162314,8.0115372563,60.884098928,119395.6
"VALE3<XBSP>","2021-09-02",12.526538539,14.633194073,16.023743711,7.8811720051,60.693162452,116677.08
"VALE3<XBSP>","2021-09-03",12.556869141,14.560947603,15.93276053,7.8011751464,60.73627714,116933.24
"VALE3<XBSP>","2021-09-06",13.034576119,14.712008404,16.136134699,7.8396921524,59.781594759,117868.63
"VALE3<XBSP>","2021-09-07","-","-","-","-","-","-"
"VALE3<XBSP>","2021-09-08",12.291476375,13.864754348,15.37080559,7.3982280063,58.537428044,113412.84
"VALE3<XBSP>","2021-09-09",12.36730288,13.923865096,15.574179759,7.555258877,58.328013844,115360.86
"VALE3<XBSP>","2021-09-10",12.208067221,13.753100713,15.418973157,7.5078533311,58.395765497,114285.93
"VALE3<XBSP>","2021-09-13",12.397633482,14.035518731,15.611643422,7.7715466802,58.364969291,116403.72
"VALE3<XBSP>","2021-09-14",12.465877336,13.943568679,15.515308289,7.6678470485,57.952300133,116180.55
"VALE3<XBSP>","2021-09-15",12.147406017,13.818779322,15.263766554,7.8011751464,56.504878459,115062.54
"VALE3<XBSP>","2021-09-16",12.230815172,13.641447078,15.253062651,7.7330296741,54.158207574,113794.28
"VALE3<XBSP>","2021-09-17",11.935091804,13.148857511,14.889129928,7.3863766198,53.061862647,111439.37
"VALE3<XBSP>","2021-09-20",11.836517349,12.656267944,14.551956964,7.3034169145,51.312638156,108843.74
"VALE3<XBSP>","2021-09-21",11.874430601,12.840168049,14.514493301,7.4693363251,51.81153669,110249.73
"VALE3<XBSP>","2021-09-22",11.919926504,13.030636015,14.851666265,7.6589585087,53.653149799,112282.28
"VALE3<XBSP>","2021-09-23",12.041248911,13.608607773,15.365453639,7.9522803239,53.651272883,114064.36
"VALE3<XBSP>","2021-09-24",12.010918309,13.306486172,15.151375566,7.9700574036,52.821789257,113282.67
"VALE3<XBSP>","2021-09-27",12.003335658,13.707125687,15.54742,8.0411657225,53.576483375,113583.01
"VALE3<XBSP>","2021-09-28",11.707612291,13.418139807,15.194191181,7.9878344833,50.890860161,110123.85
"VALE3<XBSP>","2021-09-29",11.745525543,13.66115066,15.467140723,8.1152368879,51.536769541,111106.83
"VALE3<XBSP>","2021-09-30",11.601455185,13.680854243,15.483196578,8.067831342,51.83592757,110979.1
"VALE3<XBSP>","2021-10-01",11.578707233,14.02238301,15.887478557,8.2959705316,51.808731386,112899.64
"VALE3<XBSP>","2021-10-04",11.404306273,13.627286883,15.805981061,8.5300354145,51.325999112,110393.09
"VALE3<XBSP>","2021-10-05",11.510463379,13.857366498,16.189117003,8.7166947515,50.958850622,110457.64
"VALE3<XBSP>","2021-10-06",11.449802176,13.96254575,16.24106764,8.4855927152,52.393449352,110559.57
"VALE3<XBSP>","2021-10-07",11.434636875,13.614139477,15.896894674,8.4737413288,53.957229958,110585.43
"VALE3<XBSP>","2021-10-08",11.646951087,13.706171322,16.013783606,8.6278093529,54.290383217,112833.2
"VALE3<XBSP>","2021-10-11",11.555959282,13.456370598,15.734548936,8.6870662853,55.493814379,112180.48
"VALE3<XBSP>","2021-10-12","-","-","-","-","-","-"
"VALE3<XBSP>","2021-10-13",11.760690844,13.416928379,15.754030425,8.7789145304,53.84844522,113455.92
"VALE3<XBSP>","2021-10-14",11.745525543,13.292028016,15.676104471,8.7937287635,53.84844522,113185.48
"VALE3<XBSP>","2021-10-15",11.775856145,13.988840563,16.078721902,8.7700259906,54.854704045,114647.99
"VALE3<XBSP>","2021-10-18",11.844099999,14.232067584,16.189117003,8.7255832913,54.33797654,114428.18
"VALE3<XBSP>","2021-10-19",11.480132778,13.791629465,15.805981061,8.2989333783,53.712464298,110672.76
"VALE3<XBSP>","2021-10-20",11.639368437,14.205772771,16.169635515,8.417447243,51.951511354,110786.43
"VALE3<XBSP>","2021-10-21",11.480132778,13.969119453,15.896894674,8.1330139676,51.10163059,107735.01
"VALE3<XBSP>","2021-10-22",11.373975671,13.443223192,15.286474699,8.0530171089,51.727142832,106296.18
"VALE3<XBSP>","2021-10-25",11.578707233,13.647007993,15.585190857,8.60410658,52.352655075,108714.55
"VALE3<XBSP>","2021-10-26",11.495298078,13.338043939,15.41635129,8.5211468746,51.795133294,106419.53
"VALE3<XBSP>","2021-10-27",11.540793981,13.515533928,15.533240221,8.5004069483,50.618898316,106363.1
"VALE3<XBSP>","2021-10-28",12.663026247,13.469518005,15.500771073,8.580403807,50.108969857,105704.96
"VALE3<XBSP>","2021-10-29",12.88292311,13.081669512,15.13711662,8.0737570353,48.68796922,103500.71
"VALE3<XBSP>","2021-11-01",13.163481177,13.535255037,15.73997319,8.2959705316,49.170701494,105550.86
"VALE3<XBSP>","2021-11-02","-","-","-","-","-","-"
"VALE3<XBSP>","2021-11-03",13.519865748,13.422724449,15.889444447,7.9552431705,45.438025177,105616.88
"VALE3<XBSP>","2021-11-04",13.557779,12.534455919,15.05110566,7.703401208,44.921297673,103412.09
"VALE3<XBSP>","2021-11-05",13.572944301,13.152954006,14.869140652,7.6589585087,43.588684634,104824.23
"VALE3<XBSP>","2021-11-08",13.451621894,12.850284729,14.791155649,7.7389553674,45.961551728,104781.13
"VALE3<XBSP>","2021-11-09",13.565361651,12.698950091,14.641684392,7.8930233915,44.832910073,105535.08
"VALE3<XBSP>","2021-11-10",13.459204544,13.416144682,15.012113158,7.8308036125,44.66293392,105967.51
"VALE3<XBSP>","2021-11-11",13.353047438,13.481942351,14.979619407,7.8367293058,46.240312619,107594.67
"VALE3<XBSP>","2021-11-12",13.277220934,13.613537688,14.947125656,7.9967230232,46.437484956,106334.54
"VALE3<XBSP>","2021-11-15","-","-","-","-","-","-"
"VALE3<XBSP>","2021-11-16",13.277220934,13.593798388,14.791155649,8.0796827285,45.098072872,104403.66
"VALE3<XBSP>","2021-11-17",13.299968885,13.65301629,14.849644401,7.8752463118,44.193799739,102948.45
"VALE3<XBSP>","2021-11-18",13.345464788,13.521420952,14.60269189,7.8633949253,42.378454426,102426
"VALE3<XBSP>","2021-11-19",13.186229128,13.508261418,14.479215635,7.7330296741,43.534292266,103035.02
"VALE3<XBSP>","2021-11-22",13.133150575,13.277969577,14.515092972,7.8100636862,45.954752682,102122.37
"VALE3<XBSP>","2021-11-23",13.04215877,13.534580486,14.758436171,8.2367135993,47.16498289,103653.82
"VALE3<XBSP>","2021-11-24",12.966332265,13.883308131,15.153046764,8.4055958565,48.259629315,104514.19
"VALE3<XBSP>","2021-11-25",13.064906721,13.995164168,15.291160472,8.7759516838,47.933275101,105811.25
"VALE3<XBSP>","2021-11-26",12.655443597,13.435883982,15.00177937,8.4352243227,46.668652524,102224.26
"VALE3<XBSP>","2021-11-29",12.390050831,13.337187479,14.903126722,8.7315089846,47.25337049,102814.03
"VALE3<XBSP>","2021-11-30",12.177736619,13.100315871,14.718975112,8.7196575981,47.559327565,101915.45
"VALE3<XBSP>","2021-12-01",12.02608361,13.047677736,14.625279856,8.7700259906,47.749700856,100774.57
"VALE3<XBSP>","2021-12-02",12.139823367,13.712195499,15.178170724,9.4391853501,49.966189889,104466.24
"VALE3<XBSP>","2021-12-03",12.132240716,13.672679086,15.125514451,9.5723191351,48.864744419,105069.69
"VALE3<XBSP>","2021-12-06",12.19290192,13.962466119,15.303229372,9.6155876152,51.516372403,106858.87
"VALE3<XBSP>","2021-12-07",12.208067221,13.797814395,15.112350382,9.7720198124,51.897118985,107557.67
"VALE3<XBSP>","2021-12-08",12.19290192,13.712195499,14.967545631,9.7686914678,51.509573357,108095.53
"VALE3<XBSP>","2021-12-09",11.988170358,13.363133846,14.566041549,9.7487214001,51.115228682,106291.24
"VALE3<XBSP>","2021-12-10",12.094327464,13.310445295,14.585787651,9.8685418065,51.43478385,107758.34
"VALE3<XBSP>","2021-12-13",12.139823367,13.066760745,14.197447637,9.8086316033,52.937373041,107383.32
"VALE3<XBSP>","2021-12-14",12.261145774,13.264342813,14.335670354,9.6921395415,52.930573995,106759.92
"VALE3<XBSP>","2021-12-15",12.19290192,13.264342813,14.289596115,9.7520497447,52.631415966,107431.18
"VALE3<XBSP>","2021-12-16",12.208067221,13.428994536,14.434400866,9.881855185,54.691526938,108326.33
"VALE3<XBSP>","2021-12-17",12.185319269,13.053588607,14.118463227,9.6488710614,53.828048082,107200.56
"VALE3<XBSP>","2021-12-20",12.148762681,12.783559781,13.901256101,9.3726184577,53.222932977,105019.78
"VALE3<XBSP>","2021-12-21",12.133005531,12.728804186,13.921002203,9.3859318362,54.623536477,105499.88
"VALE3<XBSP>","2021-12-22",12.125126956,12.788814264,13.973658476,9.3726184577,54.33797654,105243.72
"VALE3<XBSP>","2021-12-23",12.251184156,12.828820982,14.046060852,9.4292003163,53.814449989,104891.32
"VALE3<XBSP>","2021-12-24","-","-","-","-","-","-"
"VALE3<XBSP>","2021-12-27",12.235427006,12.975512282,14.190865603,9.5689907904,53.678469067,105554.4
"VALE3<XBSP>","2021-12-28",12.227548431,12.928837777,14.13820933,9.5789758243,52.216674153,104864.17
"VALE3<XBSP>","2021-12-29",12.172398406,12.8688277,14.019732715,9.4990955534,52.522631228,104107.24
"VALE3<XBSP>","2021-12-30",12.148762681,12.808817623,13.78936152,9.4691404518,53.005363502,104822.44
"VALE3<XBSP>","2021-12-31","-","-","-","-","-","-"
"VALE3<XBSP>","2022-01-03",12.077855506,13.128871369,14.169893314,9.6821545076,53.032559686,103921.59
"VALE3<XBSP>","2022-01-04",12.062098356,13.21495197,14.571735941,9.7187662985,52.407047444,103513.64
"VALE3<XBSP>","2022-01-05",11.825741105,13.121512916,14.295057411,9.3426633561,52.90337781,101005.64
"VALE3<XBSP>","2022-01-06",11.636655305,13.308391024,14.58491111,9.3360066668,53.97082805,101561.05
"VALE3<XBSP>","2022-01-07",11.447569504,13.501943351,14.907702728,9.3792751469,57.111987354,102719.47
"VALE3<XBSP>","2022-01-10",11.542112405,13.548662878,15.046041994,9.3226932884,56.432082743,101945.2
"VALE3<XBSP>","2022-01-11",11.56574813,13.568685533,15.382008781,9.598945892,57.506332029,103778.98
"VALE3<XBSP>","2022-01-12",11.72331963,13.46857226,15.31613294,9.8918402188,58.131844271,105685.66
"VALE3<XBSP>","2022-01-13",11.809983955,13.708844114,15.599399055,10.091540896,57.247968277,105529.5
"VALE3<XBSP>","2022-01-14",11.89664828,13.929093314,15.480822542,10.467643838,57.581121536,106927.79
"VALE3<XBSP>","2022-01-17",11.66029103,14.009183932,15.480822542,10.484285561,57.281963507,106373.87
"VALE3<XBSP>","2022-01-18",11.486962379,14.262804222,15.573048719,10.530882386,58.682567007,106667.66
"VALE3<XBSP>","2022-01-19",11.455448079,14.082600332,15.467647374,10.480957217,59.974385768,108013.47
"VALE3<XBSP>","2022-01-20",11.416055204,14.069251895,15.342483276,10.557509143,58.954528851,109101.99
"VALE3<XBSP>","2022-01-21",11.573626705,13.922419096,15.349070861,10.574150866,57.730700551,108941.68
"VALE3<XBSP>","2022-01-24",11.58150528,14.216084695,15.329308108,10.634061069,57.023599755,107937.11
"VALE3<XBSP>","2022-01-25",11.873012555,14.783393239,15.882665169,10.98020891,57.152781631,110203.77
"VALE3<XBSP>","2022-01-26",11.81786253,14.796741675,16.053942355,11.273103237,57.315958738,111289.18
"VALE3<XBSP>","2022-01-27",12.133005531,14.870158075,16.113230612,11.276431581,57.445140614,112611.65
"VALE3<XBSP>","2022-01-28",11.762712505,15.083733057,16.330620886,10.830433402,56.880819787,111910.1
"VALE3<XBSP>","2022-01-31",11.794226805,15.21721742,16.686350425,10.767194854,54.983885921,112143.51
"VALE3<XBSP>","2022-02-01",11.699683905,15.270611165,16.803460459,10.983537255,58.002662395,113228.31
"VALE3<XBSP>","2022-02-02",11.439690929,14.996056292,16.539773358,10.823776713,58.329016609,111894.36
"VALE3<XBSP>","2022-02-03",11.392419479,15.2164883,16.730946506,10.674001205,58.301820424,111695.94
"VALE3<XBSP>","2022-02-04",11.353026604,15.316684667,16.783683926,10.860388504,59.818007708,112244.94
"VALE3<XBSP>","2022-02-07",11.258483704,15.263246605,16.691393441,10.700627962,61.279802622,111996.4
"VALE3<XBSP>","2022-02-08",11.156062229,15.176409753,16.875974411,10.594120934,62.136482432,112234.46
"VALE3<XBSP>","2022-02-09",11.455448079,13.873856979,16.203572306,10.634061069,62.150080525,112461.39
"VALE3<XBSP>","2022-02-10",11.620898155,14.074249714,16.513404648,10.797149956,63.822645869,113367.77
"VALE3<XBSP>","2022-02-11",11.70756248,14.121008019,17.489046919,11.236491446,62.530827107,113572.35
"VALE3<XBSP>","2022-02-14",11.86513398,14.141047292,17.449493854,10.983537255,62.258865262,113899.19
"VALE3<XBSP>","2022-02-15",12.117248381,14.154406808,17.614298292,10.810463334,60.40952472,114828.18
"VALE3<XBSP>","2022-02-16",11.88089113,14.321400753,17.429717322,10.960238842,60.851462717,115180.95
"VALE3<XBSP>","2022-02-17",11.699683905,14.154406808,17.185806754,10.916970362,58.233829963,113528.48
"VALE3<XBSP>","2022-02-18",11.636655305,14.234563901,17.251728529,10.983537255,58.356212793,112879.85
"VALE3<XBSP>","2022-02-21",11.384540904,14.067569956,16.829829169,11.266446548,58.403806116,111725.3
"VALE3<XBSP>","2022-02-22",11.589383855,14.014131894,16.983944449,11.229834757,59.416863987,112891.8
"VALE3<XBSP>","2022-02-23",11.668169605,13.947334315,16.746499012,11.389595299,58.791351745,112007.61
"VALE3<XBSP>","2022-02-24",11.69180533,13.526509573,16.462883629,11.113342695,59.518849679,111591.87
"VALE3<XBSP>","2022-02-25",11.975434031,13.593307151,16.799264664,11.316371717,62.741597537,113141.94
"VALE3<XBSP>","2022-02-28","-","-","-","-","-","-"
"VALE3<XBSP>","2022-03-01","-","-","-","-","-","-"
"VALE3<XBSP>","2022-03-02",11.439690929,13.453032237,16.520501822,11.539370807,67.752494522,115173.61
"VALE3<XBSP>","2022-03-03",11.171819379,13.713103014,16.533702383,11.396251988,67.786489753,115165.55
"VALE3<XBSP>","2022-03-04",10.974855003,13.318625648,16.282891728,11.392923643,69.329873221,114473.78
"VALE3<XBSP>","2022-03-07",10.580926252,12.977636738,15.933076867,10.5841359,71.437577516,111593.46
"VALE3<XBSP>","2022-03-08",10.588804827,13.144788164,15.781270418,10.803806645,68.303217257,111203.45
"VALE3<XBSP>","2022-03-09",10.974855003,13.987231353,16.566703785,10.837090091,66.502280286,113900.34
"VALE3<XBSP>","2022-03-10",10.541533377,13.900312611,16.579904345,11.216521378,68.698076992,113663.13
"VALE3<XBSP>","2022-03-11",10.383961877,13.840138098,16.395096494,10.813791679,68.337994574,111713.07
"VALE3<XBSP>","2022-03-14",10.494261927,13.940428953,16.626106308,10.607434312,64.673626438,109927.62
"VALE3<XBSP>","2022-03-15",10.612440552,13.906998668,16.566703785,10.351151776,62.816730832,108959.3
"VALE3<XBSP>","2022-03-16",10.856676378,14.10758038,16.890117524,10.261286472,64.341785779,111112.43
"VALE3<XBSP>","2022-03-17",10.974855003,14.161068836,17.259733226,9.9883622129,66.579945122,113076.33
"VALE3<XBSP>","2022-03-18",11.226969404,14.127638551,17.385138553,10.18806289,67.843763804,115310.91
"VALE3<XBSP>","2022-03-21",11.171819379,14.461941403,17.814156779,10.570822521,69.764203366,116154.53
"VALE3<XBSP>","2022-03-22",11.329390879,14.642464944,18.058367153,10.524225697,68.203846222,117272.44
"VALE3<XBSP>","2022-03-23",11.179697954,14.548860145,17.979163789,10.667344515,68.055576991,117457.34
"VALE3<XBSP>","2022-03-24",11.187576529,14.762813971,18.097968836,10.790493267,68.422719849,119052.91
"VALE3<XBSP>","2022-03-25",11.282119429,14.896535112,18.130970238,10.750553131,67.236566001,119081.13
"VALE3<XBSP>","2022-03-28",11.61301958,14.822988484,18.117769677,10.517569007,67.314230836,118737.78
"VALE3<XBSP>","2022-03-29",12.014826906,15.090430766,18.328978649,10.750553131,66.735274792,120014.17
"VALE3<XBSP>","2022-03-30",11.951798306,14.996825968,18.368580332,10.98020891,67.688434134,120259.76
"VALE3<XBSP>","2022-03-31",12.133005531,14.85641877,18.137570518,11.133312763,67.497802265,119999.23
"VALE3<XBSP>","2022-04-01",12.125126956,14.6959534,18.188854634,10.986865599,68.458022046,121570.15
"VALE3<XBSP>","2022-04-04",11.967555456,14.635040854,18.023741575,10.883686916,69.149945124,121279.51
"VALE3<XBSP>","2022-04-05",11.873012555,14.226838983,17.660492844,10.780508233,67.151840726,118885.15
"VALE3<XBSP>","2022-04-06",11.778469655,14.153228809,17.653888322,10.770523199,68.168544024,118227.75
"VALE3<XBSP>","2022-04-07",11.86513398,14.213455315,17.640679277,11.329685095,68.578049519,118862.12
"VALE3<XBSP>","2022-04-08",11.762712505,14.37405933,17.607656665,11.386266954,67.180082485,118322.26
"VALE3<XBSP>","2022-04-11",11.975434031,14.353983828,17.541611441,11.299729994,66.368131934,116952.85
"VALE3<XBSP>","2022-04-12",11.857255405,14.226838983,17.231198889,11.266446548,65.923324242,116146.86
"VALE3<XBSP>","2022-04-13",11.683926755,14.37405933,17.277430546,11.50608736,65.94450556,116781.96
"VALE3<XBSP>","2022-04-14",11.58150528,14.34060016,17.389707426,11.375943978,65.019587977,116181.61
"VALE3<XBSP>","2022-04-15","-","-","-","-","-","-"
"VALE3<XBSP>","2022-04-18",11.589383855,14.59488985,17.488775262,11.175855421,63.946401163,115687.25
"VALE3<XBSP>","2022-04-19",11.542112405,14.405510949,17.17836271,11.514186982,61.905934128,115056.66
"VALE3<XBSP>","2022-04-20",11.605141005,14.353983828,17.290639591,11.568756588,60.296153906,114343.78
"VALE3<XBSP>","2022-04-21","-","-","-","-","-","-"
"VALE3<XBSP>","2022-04-22",11.620898155,14.147875342,16.953808949,11.117647841,56.80123632,111077.51
"VALE3<XBSP>","2022-04-25",11.912405431,14.059543134,16.887763725,10.953939021,55.8339561,110684.95
"VALE3<XBSP>","2022-04-26",11.620898155,13.455939711,16.313170278,10.935749152,55.071428626,108212.86
"VALE3<XBSP>","2022-04-27",11.56574813,13.536910902,16.181079831,10.935749152,58.015631926,109349.37
"VALE3<XBSP>","2022-04-28",11.589383855,13.411773607,16.048989383,11.008508628,59.448901158,109918.97
"VALE3<XBSP>","2022-04-29",11.439690929,13.235109191,15.76499492,11.015784575,58.806401158,107876.16
"VALE3<XBSP>","2022-05-02",11.400298054,13.227748174,15.697347614,10.906645362,58.545164894,106638.64
"VALE3<XBSP>","2022-05-03",11.219090829,13.315418309,15.776660528,11.004870654,58.248626432,106528.09
"VALE3<XBSP>","2022-05-04",11.297876579,13.507007062,15.7568323,11.66698188,57.761456102,108343.74
"VALE3<XBSP>","2022-05-05",10.817283503,13.064879171,15.393314776,11.645154037,56.716511046,105304.19
"VALE3<XBSP>","2022-05-06",10.659712002,13.337524704,15.723785252,12.027141283,56.31406599,105134.73
"VALE3<XBSP>","2022-05-09",10.785769203,13.536482255,15.499065328,11.699723644,54.005302252,103250.02
"VALE3<XBSP>","2022-05-10",10.817283503,13.669120622,15.419752414,11.801586909,53.334560493,103109.94
"VALE3<XBSP>","2022-05-11",10.990612153,13.904922164,15.935286357,12.212677945,55.558598957,104396.9
"VALE3<XBSP>","2022-05-12",11.408176629,13.993347742,16.186443919,12.307265263,55.000824231,105687.64
"VALE3<XBSP>","2022-05-13",11.455448079,14.155461302,16.378116795,12.467336109,54.937280275,106924.18
"VALE3<XBSP>","2022-05-16",11.573626705,14.391262843,16.549961443,12.591027218,56.582362694,108232.74
"VALE3<XBSP>","2022-05-17",11.605141005,14.686014771,16.695368452,12.427318398,56.342307749,108789.33
"VALE3<XBSP>","2022-05-18",11.203333679,14.413369238,16.457429709,12.223591867,54.916098956,106247.15
"VALE3<XBSP>","2022-05-19",11.140305079,14.302837265,16.404554433,12.430956372,56.377609946,107005.22
"VALE3<XBSP>","2022-05-20",11.045762178,14.494426018,16.609446128,12.67106264,57.373131925,108487.88
"VALE3<XBSP>","2022-05-23",11.093033628,14.73022756,17.039057747,13.169465047,58.545164894,110345.82
"VALE3<XBSP>","2022-05-24",11.132426503,15.039717083,17.296824719,12.81087803,59.335934125,110580.79
"VALE3<XBSP>","2022-05-25",11.061519328,14.870234725,16.986182471,12.99331142,59.519505554,110579.81
"VALE3<XBSP>","2022-05-26",11.195455104,14.951291505,17.197683576,13.025744023,59.484203356,111889.88
"VALE3<XBSP>","2022-05-27",11.195455104,15.164986652,17.290215309,12.405470498,60.522087973,111941.68
"VALE3<XBSP>","2022-05-30",11.100912203,15.017610689,17.131589481,12.158171903,61.178708852,111032.11
"VALE3<XBSP>","2022-05-31",11.179697954,15.106036267,17.290215309,12.18655043,60.868049511,111350.51
"VALE3<XBSP>","2022-06-01",11.124547928,14.833390734,17.050561662,12.170334129,62.301318744,111359.94
"VALE3<XBSP>","2022-06-02",11.124547928,14.773628574,17.123314253,12.06492817,63.473351712,112392.91
"VALE3<XBSP>","2022-06-03",11.093033628,14.685119566,16.964581328,12.275740087,62.456648414,111102.32
"VALE3<XBSP>","2022-06-06",11.069397903,14.699871067,16.905056481,12.283848238,62.52019237,110185.91
"VALE3<XBSP>","2022-06-07",10.817283503,14.574483306,16.905056481,12.42979495,63.981703361,110069.76
"VALE3<XBSP>","2022-06-08",10.840919228,14.316332033,16.58097676,12.36898382,61.778846216,108367.67
"VALE3<XBSP>","2022-06-09",10.722740602,14.308956282,16.29658027,12.190604505,59.688956104,107093.71
"VALE3<XBSP>","2022-06-10",10.706983452,14.095059513,15.939431189,12.020333342,59.703076983,105481.23
"VALE3<XBSP>","2022-06-13",10.502140502,13.888538494,15.747628905,11.866278479,57.810879179,102598.18
"VALE3<XBSP>","2022-06-14",10.360326151,13.748399232,15.641806955,12.000062965,57.697912146,102063.25
"VALE3<XBSP>","2022-06-15",10.289418976,13.84428399,15.707945674,11.789251048,57.662609948,102806.82
"VALE3<XBSP>","2022-06-16","-","-","-","-","-","-"
"VALE3<XBSP>","2022-06-17",10.265783251,13.630387221,15.509529518,11.071679715,54.654862692,99824.94
"VALE3<XBSP>","2022-06-20",10.281540401,13.991799003,16.184144448,11.19735605,53.306318735,99852.67
"VALE3<XBSP>","2022-06-21",10.376083302,13.892372673,16.01218378,10.974381908,53.659340713,99684.5
"VALE3<XBSP>","2022-06-22",10.478504777,13.832748756,15.893134086,10.941949305,53.200412141,99522.32
"VALE3<XBSP>","2022-06-23",10.502140502,13.467552264,15.529371133,10.739245539,51.25879126,98080.34
"VALE3<XBSP>","2022-06-24",10.770012053,13.355757419,15.502915646,10.658164032,52.685000053,98672.26
"VALE3<XBSP>","2022-06-27",10.809404928,13.54208216,15.595509852,11.343302762,55.106730824,100763.6
"VALE3<XBSP>","2022-06-28",10.651833427,13.348304429,15.423549184,11.485195399,56.095192364,100591.41
"VALE3<XBSP>","2022-06-29",10.722740602,13.117261751,15.264816259,11.383843515,55.629203352,99621.58
"VALE3<XBSP>","2022-06-30",10.557290527,12.819142166,14.993647513,11.323032386,54.054725329,98541.95
"VALE3<XBSP>","2022-07-01",10.840919228,12.916031031,15.124472545,11.566276905,53.023901152,98953.9
"VALE3<XBSP>","2022-07-04",10.777890628,12.780965259,14.978853991,11.8135755,52.720302251,98608.76
"VALE3<XBSP>","2022-07-05",11.100912203,12.810809894,15.084758394,11.363573139,52.459065987,98294.64
"VALE3<XBSP>","2022-07-06",11.211212254,12.706353669,14.945758865,11.217626427,52.953296756,98718.98
"VALE3<XBSP>","2022-07-07",11.211212254,12.967494232,15.157567671,11.546006529,54.492472582,100729.72
"VALE3<XBSP>","2022-07-08",11.274240854,12.974955391,15.164186696,11.675736939,53.235714339,100288.94
"VALE3<XBSP>","2022-07-11",11.108790778,12.713814828,14.919282765,11.618979884,51.42118137,98212.46
"VALE3<XBSP>","2022-07-12",10.864554953,12.766042941,14.886187639,11.444654645,51.576511041,98271.21
"VALE3<XBSP>","2022-07-13",11.479083804,12.475057742,14.826616412,11.452762796,51.400000051,97881.16
"VALE3<XBSP>","2022-07-14",11.69180533,12.191533703,14.661140782,11.144653071,47.975686861,96120.85
"VALE3<XBSP>","2022-07-15",11.494840954,12.266145292,14.92590179,11.335194612,48.272225323,96551
"VALE3<XBSP>","2022-07-18",11.416055204,12.42282963,15.124472545,11.594655432,48.526401147,96916.13
"VALE3<XBSP>","2022-07-19",11.408176629,12.877960325,15.634137484,11.829791801,48.632307741,98244.8
"VALE3<XBSP>","2022-07-20",11.266362279,12.713814828,15.435566729,11.825737726,47.580302245,98286.83
"VALE3<XBSP>","2022-07-21",11.471205229,12.885421484,15.561328207,11.764926596,48.413434114,99033.17
"VALE3<XBSP>","2022-07-22",11.431812354,12.721275987,15.395852578,11.890602931,48.865302247,98924.82
"VALE3<XBSP>","2022-07-25",11.56574813,12.892882643,15.620899434,12.446011251,49.769038511,100269.85
"VALE3<XBSP>","2022-07-26",11.67604818,12.803348735,15.534852107,12.571687586,49.677252797,99771.69
"VALE3<XBSP>","2022-07-27",11.80210538,12.877960325,15.587804308,12.709526147,49.79021983,101437.96
"VALE3<XBSP>","2022-07-28",11.89664828,12.974955391,15.687089686,13.090609228,49.910247303,102596.66
"VALE3<XBSP>","2022-07-29",11.762712505,13.004800027,15.634137484,13.844667238,49.246565983,103164.69
"VALE3<XBSP>","2022-08-01",11.526355255,12.974955391,15.546469176,13.654125698,48.067472575,102225.08
"VALE3<XBSP>","2022-08-02",11.589383855,13.198268913,15.71206855,13.714936828,49.599587962,103361.7
"VALE3<XBSP>","2022-08-03",11.526355255,13.407409563,15.824676123,13.735207205,47.67208796,103774.68
"VALE3<XBSP>","2022-08-04",11.56574813,13.653896759,16.20886667,13.86899169,47.396730817,105892.22
"VALE3<XBSP>","2022-08-05",11.502719529,13.818221555,16.513569517,14.136560662,48.010989059,106471.92
"VALE3<XBSP>","2022-08-08",11.66029103,13.863037409,16.71891274,14.850077919,48.420494554,108402.27
"VALE3<XBSP>","2022-08-09",11.61301958,14.064708751,17.156095086,15.093322439,49.423076972,108651.05
"VALE3<XBSP>","2022-08-10",11.943919731,14.288788019,17.474045883,15.044673535,49.45837917,110235.76
"VALE3<XBSP>","2022-08-11",11.920284006,14.408296962,17.500541783,14.696023057,51.181126425,109717.94
"VALE3<XBSP>","2022-08-12",11.983312606,14.587560377,17.712508981,15.787348008,51.836175696,112764.26
"VALE3<XBSP>","2022-08-15",12.148762681,14.512867288,17.864860404,15.792326673,50.722217766,113031.98
"VALE3<XBSP>","2022-08-16",12.211791281,14.722007938,18.043707728,15.93670797,51.947571489,113512.38
"VALE3<XBSP>","2022-08-17",12.251184156,14.744415865,18.116571452,16.310107876,50.670233062,113707.76
"VALE3<XBSP>","2022-08-18",12.605720032,14.834047573,18.063579653,16.638699793,50.291487366,113812.87
"VALE3<XBSP>","2022-08-19",12.337848482,14.647314849,17.846858232,15.797305339,49.727082014,111496.21
"VALE3<XBSP>","2022-08-22",12.148762681,14.445643507,17.645880099,16.135854587,48.999296166,110500.53
"VALE3<XBSP>","2022-08-23",12.164519831,14.550213832,17.692774997,16.648657124,52.14065753,112857.1
"VALE3<XBSP>","2022-08-24",12.448148532,14.468051434,17.766466979,16.748230432,50.462294248,112897.84
"VALE3<XBSP>","2022-08-25",12.463905682,14.572621759,17.987542925,16.568998477,51.442577227,113531.72
"VALE3<XBSP>","2022-08-26",12.345727057,14.520336597,17.880354588,16.748230432,50.670233062,112298.86
"VALE3<XBSP>","2022-08-29",12.298455607,14.572621759,17.820061148,17.166438326,49.689950083,112323.12
"VALE3<XBSP>","2022-08-30",12.125126956,14.527805906,17.739669894,16.145811918,48.24923116,110430.64
"VALE3<XBSP>","2022-08-31",12.030584056,14.161809767,17.29081873,16.54410515,47.900191008,109522.88
"VALE3<XBSP>","2022-09-01",12.156641256,14.28131871,17.557397544,16.852782406,47.44718145,110405.3
"VALE3<XBSP>","2022-09-02",12.196034131,14.43756351,17.798736342,16.638699793,46.726821988,110864.24
"VALE3<XBSP>","2022-09-05",12.251184156,14.467470425,18.087002128,16.593891805,48.434890815,112203.35
"VALE3<XBSP>","2022-09-06",12.259062731,14.377749679,17.919405741,15.981515959,47.283800954,109763.77
"VALE3<XBSP>","2022-09-07","-","-","-","-","-","-"
"VALE3<XBSP>","2022-09-08",12.211791281,14.295505661,17.792032486,15.832155997,47.907617395,109915.64
"VALE3<XBSP>","2022-09-09",12.385119932,14.489900612,17.932813452,15.827177331,51.650516041,112300.41
"VALE3<XBSP>","2022-09-12",12.377241357,14.676818835,18.147336828,15.722625358,52.096099213,113406.55
"VALE3<XBSP>","2022-09-13",12.282698456,14.519807528,17.966332729,15.259609475,50.685085835,110793.96
"VALE3<XBSP>","2022-09-14",12.117248381,14.452516968,17.899294174,15.493606749,49.756787559,110546.67
"VALE3<XBSP>","2022-09-15",12.054219781,14.400179865,17.946221163,15.463734756,50.759349697,109953.65
"VALE3<XBSP>","2022-09-16",12.030584056,14.235691829,17.885886463,15.324332125,50.685085835,109280.37
"VALE3<XBSP>","2022-09-19",12.188155556,14.602051546,18.556272013,15.56828673,52.326317185,111823.89
"VALE3<XBSP>","2022-09-20",12.416634232,15.073085466,19.173026719,15.478670753,51.576252179,112516.91
"VALE3<XBSP>","2022-09-21",12.251184156,14.98336472,18.971911054,15.518500076,50.833613559,111935.86
"VALE3<XBSP>","2022-09-22",12.345727057,15.327294249,19.354030817,15.901857312,51.999556192,114070.48
"VALE3<XBSP>","2022-09-23",12.109369806,15.028225093,18.971911054,14.906124231,50.922730193,111716
"VALE3<XBSP>","2022-09-26",12.030584056,14.788969768,18.630014423,14.667148291,50.499426179,109114.16
"VALE3<XBSP>","2022-09-27",12.164519831,14.669342106,18.45571418,14.771700265,50.276634593,108376.35
"VALE3<XBSP>","2022-09-28",12.385119932,14.676818835,18.449010325,14.572553648,50.75192331,108451.2
"VALE3<XBSP>","2022-09-29",12.298455607,14.788969768,18.7238684,14.59246831,50.818760786,107664.35
"VALE3<XBSP>","2022-09-30",12.243305581,14.833830142,18.811018522,14.836422915,53.499686205,110036.79
"VALE3<XBSP>","2022-10-03",12.842077283,15.858142001,19.956522938,16.021345283,54.955257901,116134.46
"VALE3<XBSP>","2022-10-04",12.794805833,15.849891384,19.990063313,15.618073384,56.284581032,116230.12
"VALE3<XBSP>","2022-10-05",12.700262933,16.022010129,19.990063313,16.205555903,57.153468217,117197.82
"VALE3<XBSP>","2022-10-06",12.629355757,15.692739486,19.627827267,16.758187763,56.106347763,117560.83
"VALE3<XBSP>","2022-10-07",12.148762681,15.318568301,19.668075716,16.743251767,56.076642218,116375.25
"VALE3<XBSP>","2022-10-10",11.975434031,15.086582167,19.460125393,16.554062481,54.947831515,115940.64
"VALE3<XBSP>","2022-10-11",11.809983955,15.049165048,19.325963894,16.429595846,54.576512205,114827.12
"VALE3<XBSP>","2022-10-12","-","-","-","-","-","-"
"VALE3<XBSP>","2022-10-13",11.825741105,14.832145761,19.21192662,16.897590394,53.603655612,114300.09
"VALE3<XBSP>","2022-10-14",11.683926755,14.734861253,19.218634695,16.638699793,51.858454855,112072.34
"VALE3<XBSP>","2022-10-17",11.75483393,14.839629185,19.372920419,16.623763797,52.482271296,113623.98
"VALE3<XBSP>","2022-10-18",11.73907678,14.95188054,19.849193739,17.03201436,53.440275116,115743.07
"VALE3<XBSP>","2022-10-19",11.731198205,15.019231354,19.855901814,17.634432875,52.809032289,116274.24
"VALE3<XBSP>","2022-10-20",11.84937683,15.191350099,20.164473261,18.157192743,53.484833433,117171.11
"VALE3<XBSP>","2022-10-21",12.062098356,15.513137317,20.835280755,18.779525919,55.051800922,119928.79
"VALE3<XBSP>","2022-10-24",11.959676881,14.854596032,19.889442189,17.051929022,53.417995957,116012.7
"VALE3<XBSP>","2022-10-25",11.746955355,14.764794948,19.728448391,16.693465113,53.417995957,114625.59
"VALE3<XBSP>","2022-10-26",11.89664828,14.12122051,19.30583967,16.285214549,54.60621775,112763.79
"VALE3<XBSP>","2022-10-27",12.259062731,14.38314034,19.661367641,16.409681184,52.660504565,114640.76
"VALE3<XBSP>","2022-10-28",12.424512807,14.465458,19.815653365,16.215513234,50.090974938,114539.05
"VALE3<XBSP>","2022-10-31",12.605720032,14.862079456,20.392547809,14.84140158,49.85333058,116037.08
"VALE3<XBSP>","2022-11-01",12.440269957,14.944397117,20.444666271,14.866294907,51.368313365,116928.66
"VALE3<XBSP>","2022-11-02","-","-","-","-","-","-"
"VALE3<XBSP>","2022-11-03",12.621477182,14.688950801,20.29700289,14.911102896,49.868183352,116896.36
"VALE3<XBSP>","2022-11-04",12.960255908,14.531649441,20.37083458,14.089623104,53.655640316,118155.46
"VALE3<XBSP>","2022-11-07",12.889348733,14.05225482,19.907708522,13.517076582,53.37343764,115342.4
"VALE3<XBSP>","2022-11-08",13.188734584,13.917425083,19.847300776,13.61664989,54.992389832,116160.35
"VALE3<XBSP>","2022-11-09",12.983891633,11.497980357,18.894200772,13.392609947,54.324015074,113580.09
"VALE3<XBSP>","2022-11-10",12.597841457,11.160906014,18.538466264,13.004274045,55.363709142,109775.46
"VALE3<XBSP>","2022-11-11",12.676627207,11.348169538,17.941100769,13.437417935,61.11915845,112253.49
"VALE3<XBSP>","2022-11-14",12.566327157,11.355660078,17.887404994,13.790903179,61.869223456,113161.28
"VALE3<XBSP>","2022-11-15","-","-","-","-","-","-"
"VALE3<XBSP>","2022-11-16",12.164519831,11.393112783,17.632350063,13.517076582,61.223127856,110243.33
"VALE3<XBSP>","2022-11-17",12.133005531,11.640300635,17.739741613,13.522055247,61.713269346,109702.78
"VALE3<XBSP>","2022-11-18",12.306334182,11.692734421,17.880693022,13.293036639,60.027479678,108870.17
"VALE3<XBSP>","2022-11-21",12.345727057,11.610338471,17.934388797,13.332865962,59.351678533,109748.18
"VALE3<XBSP>","2022-11-22",12.337848482,11.565395225,17.639062035,13.275337602,59.51505903,109036.54
"VALE3<XBSP>","2022-11-23",12.385119932,11.482999275,17.457838795,13.337930278,60.10174354,108841.15
"VALE3<XBSP>","2022-11-24",12.637234332,11.715206044,18.082052178,13.798839985,60.487915622,111831.16
"VALE3<XBSP>","2022-11-25",12.424512807,11.497980357,17.444414852,13.576920497,60.079464381,108976.7
"VALE3<XBSP>","2022-11-28",12.534812857,11.482999275,17.128952174,13.861432661,60.376519829,108782.15
"VALE3<XBSP>","2022-11-29",12.416634232,11.617829012,17.276615555,14.441837477,62.708405097,110909.61
"VALE3<XBSP>","2022-11-30",12.542691432,11.670262798,17.451126823,15.170188619,63.651556145,112486.01
"VALE3<XBSP>","2022-12-01",12.668748632,11.535433061,17.449548439,14.561332586,64.000596296,110925.6
"VALE3<XBSP>","2022-12-02",12.865713008,11.527164409,17.684627036,14.743420372,64.461032241,111923.93
"VALE3<XBSP>","2022-12-05",12.621477182,11.099676854,17.167454122,14.578403316,64.394194765,109401.41
"VALE3<XBSP>","2022-12-06",12.645112907,11.362169212,17.563729471,14.589783803,65.329919427,110188.57
"VALE3<XBSP>","2022-12-07",12.605720032,11.234672924,17.436115376,14.424766747,63.005460545,109068.55
"VALE3<XBSP>","2022-12-08",12.369362782,10.912182313,16.824911023,14.10042288,63.77780471,107249.04
"VALE3<XBSP>","2022-12-09",12.219669856,10.724687771,16.664756752,14.060591177,65.901751164,107519.56
"VALE3<XBSP>","2022-12-12",12.006948331,10.604691265,16.507218977,13.605371713,63.93375882,105343.33
"VALE3<XBSP>","2022-12-13",12.038462631,10.289700435,15.883917348,13.269647359,64.202617999,103539.67
"VALE3<XBSP>","2022-12-14",11.920284006,10.507194103,15.952412032,12.21695235,64.746581685,103745.77
"VALE3<XBSP>","2022-12-15",11.81786253,10.379697815,16.041455122,12.541296217,64.95522529,103737.69
"VALE3<XBSP>","2022-12-16",11.699683905,10.364698252,16.219541302,12.546986461,63.844943247,102855.7
"VALE3<XBSP>","2022-12-19",11.999069756,10.649689955,16.705853563,12.734764489,63.61394497,104739.75
"VALE3<XBSP>","2022-12-20",12.042445783,11.032178819,16.883939742,13.127391277,63.897104149,106864.11
"VALE3<XBSP>","2022-12-21",11.90145296,11.122176199,16.952434427,13.411903441,64.262230458,107433.14
"VALE3<XBSP>","2022-12-22",11.959508828,11.159675107,16.986681769,13.65089366,63.897104149,107551.52
"VALE3<XBSP>","2022-12-23",12.125382737,11.354669431,17.253811039,14.293891152,64.321842917,109697.57
"VALE3<XBSP>","2022-12-26",12.042445783,11.084677291,16.911337616,14.191466772,64.910515946,108737.75
"VALE3<XBSP>","2022-12-27",12.042445783,11.032178819,16.815445058,14.288200908,66.460439872,108578.2
"VALE3<XBSP>","2022-12-28",12.067326869,11.369668994,17.157918481,14.111803366,66.311408725,110236.71
"VALE3<XBSP>","2022-12-29",12.042445783,11.362169212,17.123671138,13.941096067,66.229441595,109734.6
"VALE3<XBSP>","2022-12-30","-","-","-","-","-","-"
"VALE3<XBSP>","2023-01-02",11.768753833,11.062177946,16.786199304,13.042037627,66.616922576,106376.02
"VALE3<XBSP>","2023-01-03",11.752166442,10.513218818,16.436629616,12.712003516,66.497697659,104165.74
"VALE3<XBSP>","2023-01-04",11.818516006,10.543256586,16.48460977,13.11601079,66.616922576,105334.46
"VALE3<XBSP>","2023-01-05",11.851690788,11.001332549,16.998682839,13.588300983,67.734656176,107641.32
"VALE3<XBSP>","2023-01-06",11.876571874,11.309219671,17.293418066,13.508637577,68.807680432,108963.7
"VALE3<XBSP>","2023-01-09",11.942921438,11.374376802,17.416795603,13.58261074,68.882196006,109129.57
"VALE3<XBSP>","2023-01-10",12.059033174,11.796228689,17.752656675,13.707796092,69.731673542,110816.71
"VALE3<XBSP>","2023-01-11",11.851690788,12.030590848,18.061100517,13.815910715,69.48577215,112517.08
"VALE3<XBSP>","2023-01-12",11.694110574,11.749356257,17.807491136,14.01506923,69.850898459,111850.22
"VALE3<XBSP>","2023-01-13",11.511649275,11.710295897,17.718385137,13.980927771,69.910510918,110916.08
"VALE3<XBSP>","2023-01-16",10.947677984,11.350940586,17.526464524,13.679344876,68.740616416,109212.66
"VALE3<XBSP>","2023-01-17",11.495061884,11.429061306,17.889742827,14.521500883,68.651197728,111439.12
"VALE3<XBSP>","2023-01-18",11.42871232,11.600926889,18.211895284,14.265439935,69.552836166,112228.39
"VALE3<XBSP>","2023-01-19",11.312600584,11.624363105,18.211895284,14.697898425,69.850898459,112921.88
"VALE3<XBSP>","2023-01-20",11.221369934,11.460309594,17.889742827,15.005171563,70.037187393,112040.64
"VALE3<XBSP>","2023-01-23",11.130139284,10.975961131,17.341398219,15.244161782,70.26818567,111737.28
"VALE3<XBSP>","2023-01-24",11.287719498,11.093142211,17.499047294,15.136047159,71.013341404,113028.15
"VALE3<XBSP>","2023-01-25",11.370656452,11.015021491,17.560736062,15.329515431,71.683981564,114270.07
"VALE3<XBSP>","2023-01-26",11.395537538,11.046269779,17.457921448,14.908437427,73.025261884,114177.55
"VALE3<XBSP>","2023-01-27",11.320894279,10.718162756,17.087788838,14.578403316,71.028244518,112316.16
"VALE3<XBSP>","2023-01-30",11.221369934,10.77284726,17.094643146,14.652376479,70.774891569,112273.01
"VALE3<XBSP>","2023-01-31",11.329187975,10.952524915,17.361961142,14.834464264,70.424668374,113430.54
"VALE3<XBSP>","2023-02-01",10.931090594,10.741598972,17.133999385,14.629615506,69.642254854,112073.55
"VALE3<XBSP>","2023-02-02",10.873034725,10.905077194,17.291758386,13.952476554,66.423182085,110140.64
"VALE3<XBSP>","2023-02-03",10.765216685,10.662568304,17.230026603,14.106113123,66.281602496,108523.47
"VALE3<XBSP>","2023-02-06",10.798391466,10.623453967,17.23688569,14.669447209,65.454479632,108721.58
"VALE3<XBSP>","2023-02-07",10.748629294,10.560871027,16.839058643,14.578403316,65.886669957,107829.73
"VALE3<XBSP>","2023-02-08",10.939384289,11.077180278,18.231453309,14.823083778,66.110216677,109951.49
"VALE3<XBSP>","2023-02-09",10.798391466,10.79555705,17.778753565,14.754800858,65.864315285,108008.05
"VALE3<XBSP>","2023-02-10",10.665692339,9.9115730313,17.696444521,15.204330079,64.679517669,108078.27
"VALE3<XBSP>","2023-02-13",10.889622116,10.263602065,18.32062144,15.249852025,64.612453653,108836.47
"VALE3<XBSP>","2023-02-14",10.781804076,10.357476474,18.094271568,15.192949592,64.903064389,107848.81
"VALE3<XBSP>","2023-02-15",10.972559071,10.764265581,18.361775962,15.215710565,66.318860283,109600.14
"VALE3<XBSP>","2023-02-16",10.848153639,10.967660134,18.498957702,15.278303241,66.460439872,109941.46
"VALE3<XBSP>","2023-02-17",10.947677984,10.905077194,18.437225919,15.045003266,65.596059221,109176.92
"VALE3<XBSP>","2023-02-20","-","-","-","-","-","-"
"VALE3<XBSP>","2023-02-21","-","-","-","-","-","-"
"VALE3<XBSP>","2023-02-22",10.95597168,10.79555705,18.094271568,14.658066722,65.09680488,107152.05
"VALE3<XBSP>","2023-02-23",10.989146462,10.748619846,18.162862438,15.107595943,64.791291029,107592.87
"VALE3<XBSP>","2023-02-24",11.04720233,10.404413679,17.607276389,14.777561832,63.368043578,105798.43
"VALE3<XBSP>","2023-02-27",11.113551893,10.302716402,17.380926518,14.879986211,63.368043578,105711.05
"VALE3<XBSP>","2023-02-28",11.105258198,10.232310595,17.442658301,14.362174071,63.576687183,104931.93
"VALE3<XBSP>","2023-03-01",11.171607761,10.154081921,17.159627406,14.396315531,66.467891429,104384.67
"VALE3<XBSP>","2023-03-02",10.889622116,10.020095313,16.596791627,14.020759474,66.318860283,103325.61
"VALE3<XBSP>","2023-03-03",10.873034725,10.074935553,16.61738318,14.623925263,66.542407003,103865.99
"VALE3<XBSP>","2023-03-06",11.196488848,10.411811315,16.994894983,14.771871588,64.195166442,104700.32
"VALE3<XBSP>","2023-03-07",11.13843298,10.654675235,17.04294194,14.282510665,63.58413874,104227.93
"VALE3<XBSP>","2023-03-08",11.296013193,10.983716677,17.25572132,14.46459845,64.165360213,106540.32
"VALE3<XBSP>","2023-03-09",11.279425802,10.944545076,16.926256474,14.402005774,63.323334234,105071.19
"VALE3<XBSP>","2023-03-10",11.204782543,10.631172275,16.521289267,14.214227746,63.114690628,103618.2
"VALE3<XBSP>","2023-03-13",11.287719498,10.513657475,16.322237589,13.764698525,63.375495135,103121.36
"VALE3<XBSP>","2023-03-14",11.569705143,10.450982915,16.267326781,13.520018064,63.95245789,102932.38
"VALE3<XBSP>","2023-03-15",11.627761011,10.599834995,16.226143675,13.281027845,62.02581204,102675.45
"VALE3<XBSP>","2023-03-16",11.826809701,10.897539156,16.493833863,13.235505899,62.25426807,103434.66
"VALE3<XBSP>","2023-03-17",11.79363492,10.443148595,16.020228147,13.377761981,63.000557767,101981.53
"VALE3<XBSP>","2023-03-20",11.710697965,10.262959234,16.061411252,13.04772787,63.518391434,100922.89
"VALE3<XBSP>","2023-03-21",11.569705143,10.294296514,16.390876099,13.315169305,62.985327365,100998.13
"VALE3<XBSP>","2023-03-22",11.569705143,10.200284674,16.294782185,13.275337602,62.200961663,100220.63
"VALE3<XBSP>","2023-03-23",11.42871232,9.8477402732,15.889814978,12.973754708,60.601769456,97926.34
"VALE3<XBSP>","2023-03-24",11.51994297,9.9574207535,16.120303382,12.968064464,59.908786166,98829.27
"VALE3<XBSP>","2023-03-27",11.553117752,10.137610114,16.398000253,13.189983953,59.809788553,99670.47
"VALE3<XBSP>","2023-03-28",12.100501651,10.121941474,16.474366892,13.423283928,60.441850235,101185.09
"VALE3<XBSP>","2023-03-29",12.282962951,10.176781714,16.634042594,13.59968147,61.309983148,101792.52
"VALE3<XBSP>","2023-03-30",12.291256646,10.482320195,17.092242431,13.639513173,62.307574477,103713.45
"VALE3<XBSP>","2023-03-31",11.884865569,10.317799474,17.175551493,13.343620522,61.142448726,101882.2
"VALE3<XBSP>","2023-04-03",11.884865569,10.059266913,16.694549764,13.935405824,61.157679128,101506.18
"VALE3<XBSP>","2023-04-04",11.967802524,10.285994082,17.028023917,13.810220472,59.429028504,101869.45
"VALE3<XBSP>","2023-04-05",11.942921438,10.372299143,17.014129161,13.855742418,58.55328039,100977.85
"VALE3<XBSP>","2023-04-06",11.967802524,10.223226765,16.958550135,13.656583903,58.446667576,100821.73
"VALE3<XBSP>","2023-04-07","-","-","-","-","-","-"
"VALE3<XBSP>","2023-04-10",11.99268361,10.340915484,17.139181968,13.946786311,59.573717322,101846.64
"VALE3<XBSP>","2023-04-11",12.258081864,10.882283594,17.694972222,14.601164289,62.71879533,106213.76
"VALE3<XBSP>","2023-04-12",12.241494474,10.827362191,17.813077651,14.709278912,61.378519956,106889.71
"VALE3<XBSP>","2023-04-13",12.100501651,10.835208106,17.813077651,14.811703291,60.548463049,106457.85
"VALE3<XBSP>","2023-04-14",12.150263824,10.819516277,18.070130644,14.96533986,60.01539898,106279.37
"VALE3<XBSP>","2023-04-17",12.233200778,10.772440789,18.035393753,15.198639835,59.299570087,106015.67
"VALE3<XBSP>","2023-04-18",12.133676433,10.701827557,18.021498997,15.585576379,59.809788553,106163.23
"VALE3<XBSP>","2023-04-19",12.092207956,10.505679691,17.736656491,15.084834969,58.065907527,103912.94
"VALE3<XBSP>","2023-04-20",12.108795346,10.599830667,17.785288139,15.187259349,56.85509057,104366.82
"VALE3<XBSP>","2023-04-21","-","-","-","-","-","-"
"VALE3<XBSP>","2023-04-24",11.893159265,10.513525606,17.62549844,15.477461757,54.798986304,103946.58
"VALE3<XBSP>","2023-04-25",11.851690788,10.748903045,17.785288139,15.41486908,53.30640691,103220.09
"VALE3<XBSP>","2023-04-26",11.785341224,10.591984752,17.604656306,15.221400808,53.512017337,102312.1
"VALE3<XBSP>","2023-04-27",11.743872747,10.795978533,17.917288324,14.851534994,54.646682284,102923.31
"VALE3<XBSP>","2023-04-28",11.743872747,10.866591764,18.00760424,15.145212754,55.134055147,104431.63
"VALE3<XBSP>","2023-05-01","-","-","-","-","-","-"
"VALE3<XBSP>","2023-05-02",11.826809701,10.709673472,17.310759278,14.531735782,52.956107665,101926.95
"VALE3<XBSP>","2023-05-03",12.092207956,10.803150033,17.282950829,14.480612701,52.544886811,101797.09
"VALE3<XBSP>","2023-05-04",12.133676433,11.054568797,17.421993072,14.710666565,50.9152338,102174.34
"VALE3<XBSP>","2023-05-05",12.017564697,11.604547344,18.068539503,15.336924308,52.575347615,105148.48
"VALE3<XBSP>","2023-05-08",12.034152087,12.036673345,18.318815541,15.662833949,53.283561307,106042.15
"VALE3<XBSP>","2023-05-09",12.025858392,11.9188208,18.430049336,15.71395703,53.831855778,107113.66
"VALE3<XBSP>","2023-05-10",11.942921438,11.942391309,18.70118171,15.67561472,52.819034047,107448.21
"VALE3<XBSP>","2023-05-11",12.025858392,12.099528037,18.881936626,16.250749382,51.790981914,108256.4
"VALE3<XBSP>","2023-05-12",11.984389915,12.154525891,18.708133822,16.774760962,51.84428832,108463.84
"VALE3<XBSP>","2023-05-15",12.125382737,12.343089965,18.777654944,16.39772824,52.590578017,109029.12
"VALE3<XBSP>","2023-05-16",12.108795346,12.240951092,18.715085934,16.806712888,51.509219477,108193.68
"VALE3<XBSP>","2023-05-17",12.075620565,12.295948946,18.902792963,16.39772824,53.215024498,109459.95
"VALE3<XBSP>","2023-05-18",12.067326869,12.335233128,18.833271841,16.493584016,53.291176508,110108.46
"VALE3<XBSP>","2023-05-19",12.092207956,12.633792911,18.680325373,16.563878253,52.704806032,110744.51
"VALE3<XBSP>","2023-05-22",12.125382737,12.508083529,18.325767653,16.372166699,51.859518722,110213.12
"VALE3<XBSP>","2023-05-23",12.100501651,12.610222402,18.471762009,16.774760962,50.686777771,109928.53
"VALE3<XBSP>","2023-05-24",12.158557519,12.225237419,18.367480326,17.030376367,49.536882421,108799.54
"VALE3<XBSP>","2023-05-25",12.224907083,12.665220256,18.944505635,16.902568665,49.384578402,110054.38
"VALE3<XBSP>","2023-05-26",12.241494474,12.665220256,18.79851128,17.126232144,50.511628148,110905.51
"VALE3<XBSP>","2023-05-29",12.241494474,12.680933929,18.715085934,17.055937908,50.130868098,110333.4
"VALE3<XBSP>","2023-05-30",12.009271001,12.335233128,18.450905672,16.864226354,48.950511945,108967.03
"VALE3<XBSP>","2023-05-31",11.951215133,12.185953237,18.304911317,16.691685955,48.592597499,108335.07
"VALE3<XBSP>","2023-06-01",11.81022231,12.398087819,18.574590721,17.228478306,49.620649632,110564.66
"VALE3<XBSP>","2023-06-02",11.99268361,12.617537642,18.845904967,17.369066779,51.737675507,112558.15
"VALE3<XBSP>","2023-06-05",11.951215133,12.845660205,18.887645621,17.554387948,51.311224251,112696.32
"VALE3<XBSP>","2023-06-06",12.291256646,13.050183883,19.019824356,17.925030285,51.478758673,114610.1
"VALE3<XBSP>","2023-06-07",12.316137733,13.042317587,19.075478561,18.449041866,52.293585179,115488.16
"VALE3<XBSP>","2023-06-08","-","-","-","-","-","-"
"VALE3<XBSP>","2023-06-09",12.5566549,13.262573855,19.339836032,19.350086169,52.057513948,117019.48
"VALE3<XBSP>","2023-06-12",12.573242291,13.152445721,19.131132765,19.688776581,51.113229026,117336.34
"VALE3<XBSP>","2023-06-13",12.664472941,13.168178312,19.346792807,19.650358971,51.653908296,116742.71
"VALE3<XBSP>","2023-06-14",12.714235114,13.25470756,19.611150278,20.494657139,52.560117213,119068.77
"VALE3<XBSP>","2023-06-15",12.598123378,13.294039037,19.868550973,20.01122835,52.971338067,119221
"VALE3<XBSP>","2023-06-16",12.498599032,13.333370513,19.931161953,20.181449754,53.055105278,118758.42
"VALE3<XBSP>","2023-06-19",12.531773814,13.569359372,20.2024762,20.712540537,52.849494851,119857.76
"VALE3<XBSP>","2023-06-20",12.5566549,13.600824553,20.19285721,20.81467338,51.486373874,119622.4
"VALE3<XBSP>","2023-06-21",12.672766637,13.569359372,20.3894497,21.686206973,50.968540207,120420.26
"VALE3<XBSP>","2023-06-22",12.896696414,13.215376084,20.19285721,21.413852725,50.694392971,118934.2
"VALE3<XBSP>","2023-06-23",12.846934241,13.050183883,20.129666767,20.535510276,50.184174505,118977.1
"VALE3<XBSP>","2023-06-26",12.722528809,12.98725352,20.101582125,20.998512497,50.290787319,118242.95
"VALE3<XBSP>","2023-06-27",12.755703591,13.032550559,19.876904994,20.835099949,50.892388197,117522.87
"VALE3<XBSP>","2023-06-28",12.623004464,12.817597068,19.764566428,21.032556778,49.285580789,116681.32
"VALE3<XBSP>","2023-06-29",12.623004464,12.873325751,20.00328588,21.127880765,49.887181667,118382.65
"VALE3<XBSP>","2023-06-30",12.780584677,13.096240482,19.954137758,20.106552336,48.904820739,118087
"VALE3<XBSP>","2023-07-03",12.780584677,13.263426531,20.345916076,20.481039427,50.435476138,119672.78
"VALE3<XBSP>","2023-07-04",12.5566549,13.182906239,20.219456653,20.52870142,50.184174505,119076.37
"VALE3<XBSP>","2023-07-05",12.614710768,13.206817194,20.395094741,20.501465995,49.742492848,119549.21
"VALE3<XBSP>","2023-07-06",12.299550342,12.888004468,20.09299723,20.188258611,49.384578402,117425.7
"VALE3<XBSP>","2023-07-07",12.316137733,12.975677967,20.472375499,20.086125768,49.849105662,118897.99
"VALE3<XBSP>","2023-07-10",12.44883686,12.983648285,20.338890553,20.120170049,49.087585563,117942.44
"VALE3<XBSP>","2023-07-11",12.133676433,12.991618604,19.980588854,19.847815801,50.702008172,117555.52
"VALE3<XBSP>","2023-07-12",12.183438605,12.872063831,19.861154954,19.861433513,51.059922619,117666.49
"VALE3<XBSP>","2023-07-13",12.241494474,13.190876558,20.078946183,20.174640898,52.247893973,119263.89
"VALE3<XBSP>","2023-07-14",12.224907083,13.023499876,19.868180478,19.779727239,52.247893973,117710.54
"VALE3<XBSP>","2023-07-17",12.291256646,13.230728148,20.254584271,19.738874102,51.669138698,118219.46
"VALE3<XBSP>","2023-07-18",12.166851215,13.206817194,19.861154954,19.629932403,51.341685055,117841.19
"VALE3<XBSP>","2023-07-19",12.133676433,13.158995285,19.650389249,19.81377152,51.204611438,117552.07
"VALE3<XBSP>","2023-07-20",12.374193601,13.166965603,20.015716471,19.834198089,51.318839452,118082.9
"VALE3<XBSP>","2023-07-21",12.689354027,13.597362784,20.37401817,20.208685179,51.631062693,120216.77
"VALE3<XBSP>","2023-07-24",12.540067509,13.230728148,20.050844089,20.630834263,53.192178895,121341.69
"VALE3<XBSP>","2023-07-25",12.46542425,13.182906239,20.09299723,21.107454196,54.837062308,122007.77
"VALE3<XBSP>","2023-07-26",12.423955773,13.318401648,20.205405606,21.107454196,54.646682284,122560.38
"VALE3<XBSP>","2023-07-27",12.191732301,13.015529558,19.755772102,20.01122835,53.626245352,119989.64
"VALE3<XBSP>","2023-07-28",12.407368382,13.158995285,20.050844089,20.263156029,51.501604276,120187.11
"VALE3<XBSP>","2023-07-31",12.324431428,13.278550057,20.121099324,21.182351615,52.666730027,121942.98
"VALE3<XBSP>","2023-08-01",12.415662078,13.246668785,20.18271601,20.835099949,51.935670732,121248.39
"VALE3<XBSP>","2023-08-02",12.482011641,13.301706738,20.119447308,20.787437955,51.090383423,120858.72
"VALE3<XBSP>","2023-08-03",12.133676433,13.2059536,19.96479048,21.052983347,51.410221864,120585.77
"VALE3<XBSP>","2023-08-04",12.200025996,12.328216503,19.599237978,20.426568577,51.448297869,119507.68
"VALE3<XBSP>","2023-08-07",12.17514491,12.240442793,19.444581151,20.555936845,51.707214703,119379.5
"VALE3<XBSP>","2023-08-08",12.025858392,12.29629879,19.402402016,20.576363414,51.372145859,119090.24
"VALE3<XBSP>","2023-08-09",11.926334047,12.232463365,19.332103458,20.739775962,50.907618599,118408.77
"VALE3<XBSP>","2023-08-10",11.918040351,12.336195931,19.39537216,20.855526517,50.306017721,118349.6
"VALE3<XBSP>","2023-08-11",11.909746656,12.264381078,19.430521439,20.807864524,49.887181667,118065.14
"VALE3<XBSP>","2023-08-14",11.884865569,12.200545652,19.149327207,20.862335374,48.560187693,116809.55
"VALE3<XBSP>","2023-08-15",11.777047529,12.232463365,19.04387937,21.01213021,48.081646263,116171.42
"VALE3<XBSP>","2023-08-16",11.760460138,12.16862794,19.029819658,21.475132431,47.893367668,115591.52
"VALE3<XBSP>","2023-08-17",11.79363492,12.040957089,18.804864273,21.407043869,48.568032634,114982.3
"VALE3<XBSP>","2023-08-18",11.909746656,12.120751371,18.952491245,21.461514719,48.026731673,115408.52
"VALE3<XBSP>","2023-08-21",11.868278179,12.032977661,18.875162831,21.311719882,48.01104179,114429.35
"VALE3<XBSP>","2023-08-22",11.959508828,12.112771943,19.170416774,21.636374351,49.093643713,116156.01
"VALE3<XBSP>","2023-08-23",11.984389915,12.280339934,19.409431872,22.788523655,49.45451102,118134.59
"VALE3<XBSP>","2023-08-24",11.768753833,11.985101092,19.184476486,22.753181652,48.795535937,117025.6
"VALE3<XBSP>","2023-08-25",11.602879924,11.833491957,18.882192687,22.597676838,48.693551698,115837.2
"VALE3<XBSP>","2023-08-28",11.785341224,12.216504509,19.521909565,22.852139261,49.391751489,117120.98
"VALE3<XBSP>","2023-08-29",11.826809701,12.360134216,19.83122322,22.901618065,50.968584724,118403.61
"VALE3<XBSP>","2023-08-30",11.760460138,12.096813086,19.451611007,23.057122879,50.976429665,117535.1
"VALE3<XBSP>","2023-08-31",11.478474493,11.929245095,19.282894467,22.576471636,51.05487908,115741.81
"VALE3<XBSP>","2023-09-01",11.503355579,11.961162808,19.450066558,23.06419128,54.04380178,117892.96
"VALE3<XBSP>","2023-09-04",11.495061884,11.904416936,19.274207005,22.823865658,54.443893795,117776.62
"VALE3<XBSP>","2023-09-05",11.619467315,11.648751606,18.985797338,23.587252927,54.208545551,117331.3
"VALE3<XBSP>","2023-09-06",11.594586229,11.488960775,18.802903403,23.693278936,53.345601989,115985.34
"VALE3<XBSP>","2023-09-07","-","-","-","-","-","-"
"VALE3<XBSP>","2023-09-08",11.362362757,11.488960775,18.831040932,23.608458129,52.33360454,115313.4
"VALE3<XBSP>","2023-09-11",11.503355579,11.704678397,19.309378916,23.587252927,53.086718921,116883.34
"VALE3<XBSP>","2023-09-12",11.370656452,11.848490145,19.42192903,23.700347337,53.047494213,117968.12
"VALE3<XBSP>","2023-09-13",11.312600584,11.896427394,19.52041038,23.346927305,52.843525735,118175.97
"VALE3<XBSP>","2023-09-14",11.221369934,11.944364644,19.443032176,23.940672959,55.00872958,119391.55
"VALE3<XBSP>","2023-09-15",11.130139284,11.920396019,19.400825883,23.95480976,54.553722975,118757.53
"VALE3<XBSP>","2023-09-18",11.105258198,11.920396019,19.351585209,24.124451375,53.910437775,118288.21
"VALE3<XBSP>","2023-09-19",11.13843298,11.784573813,19.294256545,24.18099858,54.012422014,117845.78
"VALE3<XBSP>","2023-09-20",11.171607761,11.832511062,19.621037031,24.237545785,54.373289322,118695.32
"VALE3<XBSP>","2023-09-21",10.980852766,11.393086276,19.173489844,23.862920552,52.953354916,116145.05
"VALE3<XBSP>","2023-09-22",10.881328421,11.305201318,19.123762378,24.053767369,53.345601989,116008.64
"VALE3<XBSP>","2023-09-25",10.964265375,11.273243152,19.180593767,24.209272183,52.247310183,115924.61
"VALE3<XBSP>","2023-09-26",10.814978857,11.153400029,18.896436822,23.650868533,51.431436271,114193.43
"VALE3<XBSP>","2023-09-27",10.756922989,11.121441862,18.860917204,24.400119,51.541265451,114327.05
"VALE3<XBSP>","2023-09-28",10.765216685,11.385096734,19.358191858,24.350640196,52.325759598,115730.76
"VALE3<XBSP>","2023-09-29",10.873034725,11.425044442,19.329776163,24.484939808,53.016114447,116565.17
"VALE3<XBSP>","2023-10-02",10.856447335,11.265253611,19.150392292,24.117382975,52.553262901,115056.86
"VALE3<XBSP>","2023-10-03",10.823272553,11.128428193,18.908702114,24.011356965,52.2316203,113419.04
"VALE3<XBSP>","2023-10-04",10.95597168,11.504442661,19.342322727,23.057122879,51.674629456,113607.45
"VALE3<XBSP>","2023-10-05",10.690573426,11.552444508,19.647989716,23.134875286,51.698164281,113284.08
"VALE3<XBSP>","2023-10-06",10.939384289,11.576445432,19.832811616,23.686210536,52.451278662,114169.63
"VALE3<XBSP>","2023-10-09",10.922796898,11.47244143,19.662206785,24.704060228,52.074721471,115156.07
"VALE3<XBSP>","2023-10-10",10.989146462,11.600446355,19.640881181,24.887838644,52.38851913,116736.95
"VALE3<XBSP>","2023-10-11",11.022321243,11.76845282,19.889679893,24.824223038,52.843525735,117050.74
"VALE3<XBSP>","2023-10-12","-","-","-","-","-","-"
"VALE3<XBSP>","2023-10-13",10.765216685,11.592446047,19.683532389,25.644157512,52.239465242,115754.08
"VALE3<XBSP>","2023-10-16",10.790097771,11.712450665,19.711966528,25.926893538,52.796456086,116533.85
"VALE3<XBSP>","2023-10-17",10.615930167,11.592446047,19.420516608,26.626665201,53.227927867,115908.43
"VALE3<XBSP>","2023-10-18",10.39200039,11.488442046,19.015330134,27.227479255,51.274537441,114059.64
"VALE3<XBSP>","2023-10-19",10.383706694,11.5444442,19.235694707,27.100248044,50.537112943,114004.3
"VALE3<XBSP>","2023-10-20",10.358825608,11.328435889,19.164609361,26.753896412,49.172093128,113155.28
"VALE3<XBSP>","2023-10-23",10.350531913,11.344436505,19.185934965,24.986796253,49.07795383,112784.52
"VALE3<XBSP>","2023-10-24",10.383706694,11.344436505,19.185934965,25.361421487,50.19978046,113761.9
"VALE3<XBSP>","2023-10-25",10.317357131,11.312435273,19.221477638,25.495721099,50.152710811,112829.97
"VALE3<XBSP>","2023-10-26",10.474937344,11.600446355,19.697749458,25.234190275,51.227467793,114776.86
"VALE3<XBSP>","2023-10-27",10.192951699,11.480441738,19.406299538,25.050411859,53.008269506,113301.35
"VALE3<XBSP>","2023-10-30",10.251007567,11.352436812,19.249911777,24.795949436,53.486810936,112531.52
"VALE3<XBSP>","2023-10-31",10.665692339,11.192430656,19.065089876,24.555623814,54.130096136,113143.67
"VALE3<XBSP>","2023-11-01",10.77351038,11.296434658,19.33372047,24.824223038,55.16562841,115052.96
"VALE3<XBSP>","2023-11-02","-","-","-","-","-","-"
"VALE3<XBSP>","2023-11-03",11.022321243,11.832355281,19.867211653,25.121095865,55.855983259,118159.97
"VALE3<XBSP>","2023-11-06",11.204782543,11.824344208,20.052155263,25.099890663,56.091331503,118431.25
"VALE3<XBSP>","2023-11-07",11.254544716,12.136776067,20.614099309,24.682855026,54.977349815,119268.06
"VALE3<XBSP>","2023-11-08",11.229663629,12.200864654,20.706571114,24.152724978,55.016574522,119176.67
"VALE3<XBSP>","2023-11-09",11.121845589,12.224897874,20.799042919,24.654581423,55.283302532,119034.14
"VALE3<XBSP>","2023-11-10",11.072083416,12.048654261,21.048005471,24.541487013,56.130556211,120568.14
"VALE3<XBSP>","2023-11-13",11.13843298,11.808322062,20.905741156,25.227121875,56.012882089,120410.17
"VALE3<XBSP>","2023-11-14",11.362362757,12.056665334,21.21872265,25.573473506,57.746614153,123165.76
"VALE3<XBSP>","2023-11-15","-","-","-","-","-","-"
"VALE3<XBSP>","2023-11-16",11.33748167,12.473241146,21.560157007,25.128164266,58.131016285,124639.24
"VALE3<XBSP>","2023-11-17",11.279425802,12.36108612,21.659742028,25.94809874,58.240845466,124773.21
"VALE3<XBSP>","2023-11-20",11.279425802,12.393130413,21.873138501,25.969303942,59.668624813,125957.06
"VALE3<XBSP>","2023-11-21",11.146726675,12.345063973,21.837572422,25.799662326,61.112094043,125626.03
"VALE3<XBSP>","2023-11-22",11.254544716,12.601418319,21.972723522,25.803586805,60.531173955,126035.3
"VALE3<XBSP>","2023-11-23",11.237957325,12.937883399,21.944270658,25.810925709,60.151085087,126575.75
"VALE3<XBSP>","2023-11-24",11.105258198,12.945894472,21.82334599,25.88431475,59.641604264,125517.27
"VALE3<XBSP>","2023-11-27",11.262838411,12.865783739,21.766440264,25.737536668,59.285776388,125731.45
"VALE3<XBSP>","2023-11-28",11.320894279,12.985949838,21.979836737,26.126498586,59.415168343,126538.32
"VALE3<XBSP>","2023-11-29",11.030614939,12.921861252,22.129214268,25.854959134,59.398994348,126165.64
"VALE3<XBSP>","2023-11-30",11.354069061,13.034016278,22.470648626,26.354004613,59.722474236,127331.12
"VALE3<XBSP>","2023-12-01",11.677523183,13.074071645,22.419155739,26.177870914,60.830392851,128184.91
"VALE3<XBSP>","2023-12-04",11.660935793,12.97700462,22.447624509,25.620114203,59.463690326,126802.79
"VALE3<XBSP>","2023-12-05",11.81022231,13.097310596,22.632671508,25.502691737,58.913774517,126903.25
"VALE3<XBSP>","2023-12-06",11.602879924,12.960963823,22.433390124,24.585328725,58.525598652,125622.65
"VALE3<XBSP>","2023-12-07",11.677523183,12.993045417,22.682481358,24.526617492,58.711599587,126009.57
"VALE3<XBSP>","2023-12-08",11.868278179,13.201575775,22.969419769,25.311880231,58.873339531,127093.57
"VALE3<XBSP>","2023-12-11",11.876571874,13.097310596,22.811603643,25.216474478,58.921861514,126916.41
"VALE3<XBSP>","2023-12-12",11.801928615,13.033147409,22.696828279,25.010985163,59.026992478,126403.03
"VALE3<XBSP>","2023-12-13",12.191732301,13.602595696,23.385480464,25.370591464,59.035079475,129465.08
"VALE3<XBSP>","2023-12-14",12.025858392,13.835187249,23.579163891,25.921009271,59.358559362,130842.09
"VALE3<XBSP>","2023-12-15",12.000977306,13.971534022,23.478735448,25.979720504,59.730561233,130197.1
"VALE3<XBSP>","2023-12-18",12.067326869,14.075799201,23.593510812,26.302632284,60.013606135,131083.82
"VALE3<XBSP>","2023-12-19",12.191732301,14.075799201,23.607857732,26.603527352,60.434129988,131850.9
"VALE3<XBSP>","2023-12-20",11.991181106,13.843207648,23.363960083,26.698933105,60.240042056,130804.17
"VALE3<XBSP>","2023-12-21",11.956272282,13.851228046,23.521776209,26.706272009,62.245617358,132182.01
"VALE3<XBSP>","2023-12-22",11.964999488,14.059185765,23.894796143,26.963133653,61.776571522,132752.93
"VALE3<XBSP>","2023-12-25","-","-","-","-","-","-"
"VALE3<XBSP>","2023-12-26",12.017362724,14.100953994,24.138693792,27.396128994,61.994920446,133532.92
"VALE3<XBSP>","2023-12-27",12.078453166,14.184490451,24.303683378,27.418145707,62.593358238,134193.72
"VALE3<XBSP>","2023-12-28",11.9824539,14.276380554,24.36824452,27.330078857,62.431618294,134185.24
"VALE3<XBSP>","2023-12-29","-","-","-","-","-","-"
"VALE3<XBSP>","2024-01-01","-","-","-","-","-","-"
"VALE3<XBSP>","2024-01-02",11.964999488,13.9923566,24.057938738,27.726379679,62.310313336,132696.63
"VALE3<XBSP>","2024-01-03",11.869000221,14.008225459,23.792382732,28.592370362,61.986833449,132833.95
"VALE3<XBSP>","2024-01-04",11.912636252,13.815873707,23.634484566,28.350186527,61.153872738,131225.91
"VALE3<XBSP>","2024-01-05",11.869000221,14.116946015,24.187128147,28.416236664,60.369434011,132022.92
"VALE3<XBSP>","2024-01-08",11.964999488,14.008225459,23.92874933,28.203408445,60.062128118,132426.54
"VALE3<XBSP>","2024-01-09",11.886454633,13.631885074,23.914394951,27.96122461,59.301950382,131446.59
"VALE3<XBSP>","2024-01-10",12.008635518,13.397717723,23.892863383,27.704362966,58.412380691,130841.09
"VALE3<XBSP>","2024-01-11",11.834091397,13.330812766,23.935926519,27.939207898,58.719686584,130648.75
"VALE3<XBSP>","2024-01-12",11.860273015,13.22209221,23.964635277,28.012596938,57.975682843,130987.67
"VALE3<XBSP>","2024-01-15",11.860273015,13.272270928,24.007698413,28.313492007,57.862464882,131520.91
"VALE3<XBSP>","2024-01-16",11.65082007,13.155187252,23.670370513,27.96122461,57.110374144,129294.04
"VALE3<XBSP>","2024-01-17",11.720637719,13.180276611,23.684724892,27.79976872,56.164195473,128523.83
"VALE3<XBSP>","2024-01-18",11.642092864,13.105008534,23.584244241,27.689685158,55.800280599,127315.74
"VALE3<XBSP>","2024-01-19",11.65082007,13.079919175,23.641661756,27.542907076,55.072450852,127635.65
"VALE3<XBSP>","2024-01-22",11.659547276,12.929383021,23.25409353,27.667668446,54.829840937,126601.55
"VALE3<XBSP>","2024-01-23",11.668274482,12.862478064,23.36175137,28.012596938,55.962020543,128262.52
"VALE3<XBSP>","2024-01-24",11.51991198,12.812299346,23.25409353,27.79976872,56.528110346,127815.7
"VALE3<XBSP>","2024-01-25",11.51991198,12.845751824,23.203853204,28.827215293,55.282712779,128168.73
"VALE3<XBSP>","2024-01-26",11.51991198,12.979561739,23.548358294,29.326260772,56.204630459,128967.32
"VALE3<XBSP>","2024-01-29",11.56354801,12.862478064,23.426346075,29.773933922,55.937759552,128502.66
"VALE3<XBSP>","2024-01-30",11.380276683,12.770483747,23.275625098,29.590461319,55.622366661,127401.81
"VALE3<XBSP>","2024-01-31",11.415185507,12.837388705,23.526826726,29.685867073,54.797492948,127752.28
"VALE3<XBSP>","2024-02-01",11.406458301,12.812299346,23.474871786,30.507824332,54.546796035,128481.02
"VALE3<XBSP>","2024-02-02",11.406458301,12.828187884,23.510777066,30.11152351,53.43887742,127182.25
"VALE3<XBSP>","2024-02-05",11.423912713,13.087766099,23.956002532,30.243623784,52.977918581,127593.49
"VALE3<XBSP>","2024-02-06",11.546093598,13.899994705,24.982893528,30.52250214,53.916010255,130416.31
"VALE3<XBSP>","2024-02-07",11.345367859,11.689393137,24.80336713,30.97017529,54.021141218,129949.9
"VALE3<XBSP>","2024-02-08",11.301731828,11.354453506,24.315055328,30.72065255,53.544008384,128216.92
"VALE3<XBSP>","2024-02-09",11.301731828,11.270718598,24.623840733,30.309673921,53.309485465,128025.7
"VALE3<XBSP>","2024-02-12","-","-","-","-","-","-"
"VALE3<XBSP>","2024-02-13","-","-","-","-","-","-"
"VALE3<XBSP>","2024-02-14",11.27555021,11.195357181,24.623840733,30.082167894,53.147745522,127018.29
"VALE3<XBSP>","2024-02-15",11.214459768,11.245598126,24.832091354,31.043564331,52.977918581,127804.13
"VALE3<XBSP>","2024-02-16",11.135914914,11.28746558,24.80336713,31.32978159,54.732796971,128725.88
"VALE3<XBSP>","2024-02-19",11.179550944,11.429814923,25.076247255,31.483898576,54.579144024,129035.74
"VALE3<XBSP>","2024-02-20",11.214459768,11.697766628,25.622007505,31.153647892,53.38226844,129916.11
"VALE3<XBSP>","2024-02-21",11.258095798,11.655899174,25.478386386,31.197681317,53.7866183,130031.58
"VALE3<XBSP>","2024-02-22",11.310459034,11.722887101,25.333862486,30.962836386,54.3607951,130240.55
"VALE3<XBSP>","2024-02-23",11.249368592,11.572164266,25.408024847,30.750008167,54.490187055,129418.73
"VALE3<XBSP>","2024-02-26",11.380276683,11.555417285,25.482187207,31.32978159,53.172006513,129609.05
"VALE3<XBSP>","2024-02-27",11.615911246,11.739634082,25.793669123,31.285748166,54.571057027,131689.37
"VALE3<XBSP>","2024-02-28",11.738092131,11.689393137,25.808501595,29.671189264,53.972619235,130155.43
"VALE3<XBSP>","2024-02-29",10.978825205,11.513549831,25.170705292,29.458361046,54.174794165,129020.02
"VALE3<XBSP>","2024-03-01",10.85664432,11.555417285,25.280262991,29.487716662,54.085837196,129180.37
"VALE3<XBSP>","2024-03-04",10.891553144,11.445552399,25.087340527,29.414327621,53.964532238,128340.54
"VALE3<XBSP>","2024-03-05",11.127187707,11.50424754,25.065080242,29.326260772,53.252876485,128098.11
"VALE3<XBSP>","2024-03-06",11.074824471,11.58809774,25.33962375,29.972084332,53.980706232,128890.23
"VALE3<XBSP>","2024-03-07",11.039915647,11.53778762,25.072500337,29.641833648,53.794705297,128339.76
"VALE3<XBSP>","2024-03-08",11.205732562,11.604867781,25.302523276,26.508121599,53.38226844,127070.79
"VALE3<XBSP>","2024-03-11",11.170823738,11.671947941,25.428664887,26.163193106,51.724434017,126123.56
"VALE3<XBSP>","2024-03-12",11.205732562,11.814493282,25.532546215,27.021844885,51.402155323,127667.84
"VALE3<XBSP>","2024-03-13",11.127187707,11.940268584,25.784829438,26.698933105,51.731656318,128006.05
"VALE3<XBSP>","2024-03-14",11.170823738,12.015733764,25.769989248,26.58151064,51.072654327,127689.97
"VALE3<XBSP>","2024-03-15",11.022461235,11.831263323,25.629007447,26.654899681,50.489691027,126741.81
"VALE3<XBSP>","2024-03-18",11.022461235,11.906728503,25.732888774,26.669577489,51.452847784,126954.18
"VALE3<XBSP>","2024-03-19",10.943916381,11.839648343,25.769989248,26.471427078,51.875284958,127528.85
"VALE3<XBSP>","2024-03-20",10.943916381,11.990578704,25.821929912,26.933778036,52.22168344,129124.83
"VALE3<XBSP>","2024-03-21",11.005006823,11.856418383,25.554806499,26.199887627,52.094952288,128158.57
"VALE3<XBSP>","2024-03-22",10.830462702,11.705488022,25.197468731,26.45674927,51.495091501,127027.1
"VALE3<XBSP>","2024-03-25",10.673372993,11.688717981,25.197468731,26.860388995,51.385257836,126931.47
"VALE3<XBSP>","2024-03-26",10.830462702,11.856418383,25.698130179,26.610866256,50.734704588,126863.02
"VALE3<XBSP>","2024-03-27",10.865371526,12.040888824,25.840108799,26.823694475,51.199385479,127690.62
"VALE3<XBSP>","2024-03-28",10.90028035,11.957038624,25.884944153,27.418145707,51.393706579,128106.1
"VALE3<XBSP>","2024-03-29","-","-","-","-","-","-"
"VALE3<XBSP>","2024-04-01",10.760645054,11.848033363,25.000975742,27.630973925,51.723207575,126990.45
"VALE3<XBSP>","2024-04-02",10.708281817,11.914342944,25.030881215,28.342847623,52.331517105,127548.52
"VALE3<XBSP>","2024-04-03",10.865371526,12.149439211,24.843972006,28.196069541,51.579578936,127318.39
"VALE3<XBSP>","2024-04-04",10.882825938,12.225005868,24.515011799,27.79976872,51.005064379,127427.53
"VALE3<XBSP>","2024-04-05",10.673372993,12.191420687,24.470153589,27.96122461,50.44744731,126795.41
"VALE3<XBSP>","2024-04-08",10.621009757,12.275383639,24.836495638,28.350186527,53.201737684,128857.16
"VALE3<XBSP>","2024-04-09",10.786826672,12.350950296,25.09816853,28.423575568,52.846890457,129890.37
"VALE3<XBSP>","2024-04-10",10.559919315,12.090665144,24.567346378,29.05472132,52.044259827,128053.74
"VALE3<XBSP>","2024-04-11",10.647191375,12.082268849,24.522488168,28.841893101,52.263927158,127396.35
"VALE3<XBSP>","2024-04-12",10.577373727,11.931135534,24.268291644,28.577692554,52.069606057,125946.09
"VALE3<XBSP>","2024-04-15",10.533737696,11.754813334,23.857091385,28.849232006,52.373760823,125333.89
"VALE3<XBSP>","2024-04-16",10.420284018,11.670850382,23.677658545,28.981332279,51.909079931,124388.62
"VALE3<XBSP>","2024-04-17",10.3941024,11.612076315,23.692611282,29.194160498,52.475145744,124171.15
"VALE3<XBSP>","2024-04-18",10.43773843,11.561698544,23.722516755,29.245532827,52.669466844,124196.18
"VALE3<XBSP>","2024-04-19",10.429011224,11.452546706,23.587942125,29.744578305,53.531238679,125124.3
"VALE3<XBSP>","2024-04-22",10.429011224,11.402168934,23.572989388,30.456452003,53.505892449,125573.16
"VALE3<XBSP>","2024-04-23",10.350466369,11.477735592,23.9243787,30.39774077,53.041211558,125148.07
"VALE3<XBSP>","2024-04-24",10.507556078,11.477735592,23.819709543,30.258301592,53.700213549,124740.69
"VALE3<XBSP>","2024-04-25",10.490101666,11.469339296,23.685134913,30.984853098,52.568081923,124645.58
"VALE3<XBSP>","2024-04-26",10.48137446,11.654057792,24.081382435,31.241380654,53.007416584,126526.27
"VALE3<XBSP>","2024-04-29",10.559919315,11.805191106,23.894473227,31.799666616,53.987470827,127351.79
"VALE3<XBSP>","2024-04-30",10.603555345,11.754813334,23.445891126,31.701589352,53.472097475,125924.19
"VALE3<XBSP>","2024-05-01","-","-","-","-","-","-"
"VALE3<XBSP>","2024-05-02",10.760645054,11.620472611,23.788239804,31.82229983,54.004368314,127122.25
"VALE3<XBSP>","2024-05-03",10.795553878,11.585979358,24.087462946,31.417489417,54.063509518,128508.67
"VALE3<XBSP>","2024-05-06",10.865371526,11.577571536,24.237074517,31.630142266,54.224035645,128465.69
"VALE3<XBSP>","2024-05-07",10.996279617,11.577571536,24.73827328,32.016067807,54.561985384,129210.48
"VALE3<XBSP>","2024-05-08",10.621009757,11.602795003,24.89536543,32.504381756,54.063509518,129480.89
"VALE3<XBSP>","2024-05-09",10.516283284,11.308521217,24.147307574,32.819423014,54.502844179,128188.34
"VALE3<XBSP>","2024-05-10",10.507556078,11.241258637,24.424088981,32.748538731,54.316971823,127599.57
"VALE3<XBSP>","2024-05-13",10.52501049,11.291705572,24.723312123,32.780042857,54.638024075,128154.79
"VALE3<XBSP>","2024-05-14",10.612282551,11.28329775,24.992612951,32.189340499,54.604229101,128515.49
"VALE3<XBSP>","2024-05-15",10.743190641,11.173996058,24.925287744,30.243960733,54.443702975,128027.59
"VALE3<XBSP>","2024-05-16",10.804281084,11.232850815,24.850481959,29.385473306,54.840793918,128283.62
"VALE3<XBSP>","2024-05-17",10.804281084,11.291705572,24.857962537,28.897159356,55.91378434,128150.71
"VALE3<XBSP>","2024-05-20",10.559919315,11.207627347,24.783156752,28.944415545,55.88843811,127750.92
"VALE3<XBSP>","2024-05-21",10.490101666,11.266482105,24.655986916,28.889283325,55.727911984,127411.55
"VALE3<XBSP>","2024-05-22",10.446465636,11.014247431,24.27447741,29.283084897,55.288577323,125650.03
"VALE3<XBSP>","2024-05-23",10.43773843,10.829275336,24.057540632,28.991671734,54.959076327,124729.4
"VALE3<XBSP>","2024-05-24",10.359193575,10.904945739,23.825642697,28.834151105,54.984422558,124305.57
"VALE3<XBSP>","2024-05-27",10.306830339,10.871314449,23.743356332,29.149192362,55.170294914,124495.68
"VALE3<XBSP>","2024-05-28",10.114831806,10.862906626,23.616186497,29.771398846,53.979022084,123779.54
"VALE3<XBSP>","2024-05-29",10.053741364,10.753604934,23.451613769,29.732018689,53.429853758,122707.28
"VALE3<XBSP>","2024-05-30","-","-","-","-","-","-"
"VALE3<XBSP>","2024-05-31",10.088650188,10.652711065,23.212235255,30.551125959,53.396058784,122098.09
"VALE3<XBSP>","2024-06-03",10.079922982,10.719973644,23.539809101,30.385729299,52.272375901,122031.58
"VALE3<XBSP>","2024-06-04",10.202103867,10.820154643,23.622142297,30.047059947,51.740105062,121802.06
"VALE3<XBSP>","2024-06-05",10.097377394,10.761212166,23.577233281,30.086440104,51.005064379,121407.33
"VALE3<XBSP>","2024-06-06",10.315557545,10.988561719,23.876626719,30.22820867,51.714758831,122898.8
"VALE3<XBSP>","2024-06-07",10.088650188,10.904358181,23.539809101,29.094060142,51.038859353,120767.19
"VALE3<XBSP>","2024-06-10",10.001378128,10.828574997,23.352688202,29.535117903,51.596476423,120759.51
"VALE3<XBSP>","2024-06-11",9.9490148918,10.887517473,23.614657461,29.661134406,51.520437731,121635.06
"VALE3<XBSP>","2024-06-12",9.8355612132,10.685428982,23.577233281,29.015726678,50.810743279,119936.02
"VALE3<XBSP>","2024-06-13",9.6784715044,10.693849336,23.330233694,28.724111335,51.393706579,119567.53
"VALE3<XBSP>","2024-06-14",9.8093795951,10.803313935,23.307779186,28.09227809,51.216282966,119662.38
"VALE3<XBSP>","2024-06-17",9.8093795951,10.921198889,23.876626719,28.197583631,51.013513123,119137.86
"VALE3<XBSP>","2024-06-18",9.8181068011,10.751891754,23.861657047,29.080530088,51.25007794,119630.44
"VALE3<XBSP>","2024-06-19",9.7744707709,10.804001084,24.048777946,29.104831366,51.410604066,120261.34
"VALE3<XBSP>","2024-06-20",9.8442884192,10.777946419,23.884111555,29.56655566,51.875284958,120445.91
"VALE3<XBSP>","2024-06-21",9.8442884192,10.769261531,24.050837878,29.744765037,51.393706579,121341.13
"VALE3<XBSP>","2024-06-24",9.8791972434,10.804001084,24.397870043,30.020179528,51.452847784,122636.96
"VALE3<XBSP>","2024-06-25",9.9315604797,10.717152201,24.473311818,29.995878249,51.241629197,122331.39
"VALE3<XBSP>","2024-06-26",9.992650922,10.743206866,24.428046753,30.044480807,51.875284958,122641.3
"VALE3<XBSP>","2024-06-27",10.001378128,10.786631308,24.473311818,30.546707232,52.010464853,124307.83
"VALE3<XBSP>","2024-06-28",9.9577420978,10.751891754,24.450679286,30.822121723,52.568081923,123906.55
"VALE3<XBSP>","2024-07-01",9.992650922,10.656357983,24.335681115,31.291946443,53.345366323,124718.07
"VALE3<XBSP>","2024-07-02",10.001378128,10.638069557,24.652709219,31.194741328,53.16794271,124787.08
"VALE3<XBSP>","2024-07-03",9.9315604797,10.672862916,24.803674983,30.652012772,54.224035645,125661.89
"VALE3<XBSP>","2024-07-04",9.992650922,10.716354615,24.841416424,30.230790609,53.953675853,126163.98
"VALE3<XBSP>","2024-07-05",9.8791972434,10.838131372,24.856513,30.392799134,53.734008523,126267.05
"VALE3<XBSP>","2024-07-08",9.8181068011,10.838131372,24.811223271,31.138038345,53.311571349,126548.34
"VALE3<XBSP>","2024-07-09",9.8181068011,10.838131372,24.984833899,31.129937919,53.243981401,127108.22
"VALE3<XBSP>","2024-07-10",9.9490148918,11.020796508,25.249023986,30.838322575,52.525838205,127218.24
"VALE3<XBSP>","2024-07-11",10.06246857,11.020796508,25.399989749,31.048933656,52.39065831,128293.61
"VALE3<XBSP>","2024-07-12",10.158467836,10.994701488,25.256572274,30.903125985,53.159493966,128896.98
"VALE3<XBSP>","2024-07-15",10.158467836,10.968606469,25.35470002,31.186640902,53.218635171,129320.96
"VALE3<XBSP>","2024-07-16",10.210831073,11.003399828,25.505665784,31.10563664,52.661018101,129110.38
"VALE3<XBSP>","2024-07-17",10.315557545,11.133874925,25.784952447,31.267645164,52.170990979,129450.32
"VALE3<XBSP>","2024-07-18",10.184649455,10.92511477,25.664179836,31.210942181,51.680963858,127652.06
"VALE3<XBSP>","2024-07-19",10.237012691,10.864226391,25.860435329,31.340549,51.63872014,127616.46
"VALE3<XBSP>","2024-07-22",10.306830339,10.986003149,25.845338752,30.716816182,51.579578936,127859.63
"VALE3<XBSP>","2024-07-23",10.280648721,10.90771809,25.807597312,30.319895298,50.886781971,126589.84
"VALE3<XBSP>","2024-07-24",10.289375927,10.91641643,25.769855871,30.562908084,51.199385479,126422.73
"VALE3<XBSP>","2024-07-25",10.341739163,10.742449635,25.656631548,30.522405953,51.174039249,125954.09
"VALE3<XBSP>","2024-07-26",10.367920782,10.829433032,25.845338752,30.490004248,51.934426162,127492.49
"VALE3<XBSP>","2024-07-29",10.315557545,10.872924731,26.034045957,29.874371856,52.02736234,126953.86
"VALE3<XBSP>","2024-07-30",10.158467836,10.785941333,25.935918211,29.688062053,50.878333227,126139.21
"VALE3<XBSP>","2024-07-31",10.1061046,10.812036353,25.573600378,30.303694445,52.069606057,127651.81
"VALE3<XBSP>","2024-08-01",10.245739897,10.951209789,25.2017667,29.841970151,50.903679457,127395.1
"VALE3<XBSP>","2024-08-02",10.359193575,11.02000845,24.884573352,28.942822842,50.193985005,125854.09
"VALE3<XBSP>","2024-08-05",10.341739163,11.856309487,24.884573352,28.918521564,49.934589736,125269.54
"VALE3<XBSP>","2024-08-06",10.48137446,12.248325598,25.435885599,29.420747989,50.188553802,126266.7
"VALE3<XBSP>","2024-08-07",10.917734762,12.274460005,25.503855602,29.380245858,50.092222604,127513.88
"VALE3<XBSP>","2024-08-08",10.786826672,12.413843511,25.413228932,29.850070578,49.785714249,128660.88
"VALE3<XBSP>","2024-08-09",10.865371526,12.718744931,26.100481185,29.574656087,49.969619262,130614.59
"VALE3<XBSP>","2024-08-12",10.81300829,12.805859622,26.138242298,30.246991462,49.715655197,131115.9
"VALE3<XBSP>","2024-08-13",10.970097999,12.962666067,26.878360109,30.060681659,49.496720657,132397.97
"VALE3<XBSP>","2024-08-14",10.961370793,13.075915165,27.542955695,30.587209363,49.041336815,133317.66
"VALE3<XBSP>","2024-08-15",11.371549477,13.206587202,27.980984604,31.057034083,49.242756592,134153.42
"VALE3<XBSP>","2024-08-16",11.354095065,13.041069289,27.746865704,31.186640902,49.111395868,133953.25
"VALE3<XBSP>","2024-08-19",11.354095065,13.624737721,27.913014601,31.138038345,49.89956021,135777.98
"VALE3<XBSP>","2024-08-20",11.293004622,13.677006535,28.11692461,31.016531952,50.092222604,136087.41
"VALE3<XBSP>","2024-08-21",11.293004622,13.616026252,28.003641271,30.830222149,51.055534577,136463.65
"VALE3<XBSP>","2024-08-22",11.345367859,13.520200091,27.746865704,30.924528774,51.12559363,135173.39
"VALE3<XBSP>","2024-08-23",11.415185507,13.642160659,27.535403472,30.732916661,50.267370236,135608.47
"VALE3<XBSP>","2024-08-26",11.415185507,13.598603313,27.595821253,32.96561432,50.836600038,136888.71
"VALE3<XBSP>","2024-08-27",11.371549477,13.4330854,27.626030143,32.524073365,52.369141814,136775.91
"VALE3<XBSP>","2024-08-28",11.301731828,13.650872128,28.222655726,32.990607205,51.992574406,137343.96
"VALE3<XBSP>","2024-08-29",11.223186974,13.616026252,27.913014601,32.765671246,51.931272735,136041.35
"VALE3<XBSP>","2024-08-30",11.223186974,13.624737721,27.716656814,32.798995092,52.176479419,136004.01
"VALE3<XBSP>","2024-09-02",11.23191418,13.589891844,27.495761353,32.49074952,51.440859367,134906.07
"VALE3<XBSP>","2024-09-03",11.170823738,13.737272992,27.941556879,32.099194333,49.522992802,134353.48
"VALE3<XBSP>","2024-09-04",11.336640653,13.841937929,28.138009145,32.107525295,49.908317591,136110.73
"VALE3<XBSP>","2024-09-05",11.31918624,13.964047022,28.319349698,31.907582221,50.267370236,136502.49
"VALE3<XBSP>","2024-09-06",11.336640653,13.693662602,27.91888931,31.282760114,49.636838762,134572.45
"VALE3<XBSP>","2024-09-09",11.441367125,13.737272992,28.190900139,31.624329533,49.636838762,134737.21
"VALE3<XBSP>","2024-09-10",11.554820804,13.780883383,28.190900139,31.099478963,49.041336815,134319.58
"VALE3<XBSP>","2024-09-11",11.380276683,13.623885977,28.243791134,31.066155118,50.433760486,134676.75
"VALE3<XBSP>","2024-09-12",11.266823004,13.56283143,27.934001023,30.716254738,50.889144327,134029.43
"VALE3<XBSP>","2024-09-13",11.109733295,13.56283143,27.964224448,30.574628394,51.230682209,134881.95
"VALE3<XBSP>","2024-09-16",11.223186974,13.458166493,27.956668592,30.999507426,51.230682209,135118.22
"VALE3<XBSP>","2024-09-17",11.310459034,13.370945712,27.888665884,30.857881082,50.985475525,134960.19
"VALE3<XBSP>","2024-09-18",11.327913447,13.292447009,27.7299929,30.116425516,50.389973578,133747.69
"VALE3<XBSP>","2024-09-19",11.301731828,13.10928337,27.654434337,30.216397053,50.994232906,133122.67
"VALE3<XBSP>","2024-09-20",11.135914914,12.865065183,27.352197502,30.208066092,50.223583328,131065.44
"VALE3<XBSP>","2024-09-23",11.127187707,12.533626216,27.192332168,30.516311664,50.381216196,130568.37
"VALE3<XBSP>","2024-09-24",11.135914914,12.516182059,27.184719533,30.641276086,52.842040419,132155.76
"VALE3<XBSP>","2024-09-25",11.066097265,12.594680762,27.527288107,30.866212044,53.078489721,131586.45
"VALE3<XBSP>","2024-09-26",11.205732562,12.917397652,27.877469316,30.199735131,56.266176614,133009.78
"VALE3<XBSP>","2024-09-27",11.27555021,13.030784667,27.984046206,30.083101671,56.012212548,132730.36
"VALE3<XBSP>","2024-09-30",11.415185507,12.821454793,27.489224932,29.999792057,55.618130378,131816.44
"VALE3<XBSP>","2024-10-01",11.869000221,12.987245731,27.038069981,30.799564352,55.889609206,132495.16
"VALE3<XBSP>","2024-10-02",11.973726694,13.455510609,27.205629852,31.224443385,56.196117561,133514.94
"VALE3<XBSP>","2024-10-03",11.6944561,13.313873655,26.535390371,31.60766761,55.118959628,131671.51
"VALE3<XBSP>","2024-10-04",11.589729628,13.331578275,26.588704875,31.524357996,54.716120075,131791.55
"VALE3<XBSP>","2024-10-07",11.493730361,13.455510609,26.763881103,31.965898951,55.197776062,132017.84
"VALE3<XBSP>","2024-10-08",11.415185507,13.473215228,26.923824615,31.324414922,53.525116181,131511.73
"VALE3<XBSP>","2024-10-09",11.415185507,13.20764594,26.428761362,31.007838388,53.384998076,129962.06
"VALE3<XBSP>","2024-10-10",11.441367125,13.278464417,26.573472159,31.366069729,53.638962142,130352.86
"VALE3<XBSP>","2024-10-11",11.240641386,13.101418225,26.375446858,31.341076844,54.40961172,129992.29
"VALE3<XBSP>","2024-10-14",11.27555021,13.296169036,26.543006728,31.416055497,54.234464089,131005.25
"VALE3<XBSP>","2024-10-15",11.240641386,13.411249061,26.847661038,31.157795693,53.568903089,131043.27
"VALE3<XBSP>","2024-10-16",11.293004622,13.366987513,26.687717525,30.999507426,54.593516733,131749.72
"VALE3<XBSP>","2024-10-17",11.223186974,13.455510609,26.74103203,30.766240507,53.209850445,130793.41
"VALE3<XBSP>","2024-10-18",11.240641386,13.561738325,26.870510111,30.682930893,53.025945432,130499.26
"VALE3<XBSP>","2024-10-21",11.197005356,13.526329086,26.733415672,30.199735131,52.833283037,130361.56
"VALE3<XBSP>","2024-10-22",11.18827815,13.43780599,26.779113818,30.083101671,52.90334209,129951.37
"VALE3<XBSP>","2024-10-23",11.127187707,13.384692132,26.946673689,29.708208407,51.975059643,129233.11
"VALE3<XBSP>","2024-10-24",11.197005356,13.411249061,27.190397136,29.908151481,52.281567998,130066.95
"VALE3<XBSP>","2024-10-25",11.127187707,13.21649825,26.885742827,30.116425516,54.059316457,129893.32
"VALE3<XBSP>","2024-10-28",11.249368592,13.455510609,27.213246209,30.066439748,55.066415338,131212.58
"VALE3<XBSP>","2024-10-29",11.327913447,13.260759798,26.923824615,29.999792057,54.873752944,130729.93
"VALE3<XBSP>","2024-10-30",11.284277416,13.305021346,26.847661038,29.866496674,54.707362694,130639.33
"VALE3<XBSP>","2024-10-31",11.031188441,12.720768911,26.67248481,29.916482442,54.348310049,129713.33
"VALE3<XBSP>","2024-11-01",10.943916381,12.490608862,26.525910295,29.508265333,54.322037905,128120.75
"VALE3<XBSP>","2024-11-04",11.057370059,12.507428569,26.884059616,29.574913024,54.882510325,130514.79
"VALE3<XBSP>","2024-11-05",11.066097265,12.347872428,27.691800636,29.483272449,54.400854339,130660.75
"VALE3<XBSP>","2024-11-06",10.909007556,12.241501668,27.562257265,29.49160341,53.787837629,130340.92
"VALE3<XBSP>","2024-11-07",10.952643587,12.108538217,27.158386755,29.583243986,55.661917285,129681.7
"VALE3<XBSP>","2024-11-08",10.760645054,11.975574767,26.73165565,30.141418401,53.096004484,127829.8
"VALE3<XBSP>","2024-11-11",10.917734762,11.931253617,26.762136443,30.199735131,51.362042933,127873.7
"VALE3<XBSP>","2024-11-12",10.978825205,11.869204007,26.442088114,30.766240507,50.197311183,127698.32
"VALE3<XBSP>","2024-11-13",11.109733295,11.948982077,26.304924545,30.7245857,50.057193078,127733.88
"VALE3<XBSP>","2024-11-14",11.031188441,11.993303227,26.228722562,31.049493195,49.776956868,127791.6
"VALE3<XBSP>","2024-11-15","-","-","-","-","-","-"
"VALE3<XBSP>","2024-11-18",10.839189908,12.161723598,26.137280182,31.824272606,50.398730959,127768.19
"VALE3<XBSP>","2024-11-19",10.847917114,12.250365898,26.373506329,31.49103415,50.51257692,128197.25
"VALE3<XBSP>","2024-11-20","-","-","-","-","-","-"
"VALE3<XBSP>","2024-11-21",10.81300829,12.206044748,25.916294431,31.582674725,50.46003263,126922.11
"VALE3<XBSP>","2024-11-22",11.066097265,12.232637438,25.992496414,32.840649899,50.950445999,129125.51
"VALE3<XBSP>","2024-11-25",10.943916381,12.055352837,25.984876216,32.640706825,50.941688617,129036.1
"VALE3<XBSP>","2024-11-26",11.005006823,12.135130908,26.480189106,32.599052018,50.29364238,129922.38
"VALE3<XBSP>","2024-11-27",10.952643587,11.807154397,25.83247225,32.482418558,50.906659091,127668.61
"VALE3<XBSP>","2024-11-28",10.821735496,11.310757515,24.902808057,32.149180102,50.381216196,124610.41
"VALE3<XBSP>","2024-11-29",11.109733295,11.195522525,24.84184647,32.407439906,51.475888893,125667.83
"VALE3<XBSP>","2024-12-02",11.56354801,10.956188314,24.489335749,32.615713941,51.598492235,125235.54
"VALE3<XBSP>","2024-12-03",12.087180372,10.919766727,24.763811492,32.907297591,51.204410064,126139.2
"VALE3<XBSP>","2024-12-04",12.156998021,11.044056755,24.916298016,32.699023555,50.206068565,126087.02
"VALE3<XBSP>","2024-12-05",12.584631117,11.19498036,25.45000085,33.02393105,50.617665499,127857.58
"VALE3<XBSP>","2024-12-06",12.410086996,10.937522445,24.931546668,32.515742404,49.750684723,125945.67
"VALE3<XBSP>","2024-12-09",12.40135979,10.866499572,25.053535887,33.357169507,52.395413958,127210.19
"VALE3<XBSP>","2024-12-10",12.453723026,11.079568192,25.392638058,33.482133928,52.342869669,128228.49
"VALE3<XBSP>","2024-12-11",12.043544342,11.274881092,25.638944338,33.815372385,51.528433182,129593.31
"VALE3<XBSP>","2024-12-12",11.432639919,10.884255291,25.000087424,33.210534346,50.106379276,126042.21
"VALE3<XBSP>","2024-12-13",11.415185507,10.742209545,24.676810432,33.002643677,49.355357897,124612.22
"VALE3<XBSP>","2024-12-16",11.205732562,10.564652362,24.407412938,32.864049898,49.328851261,123560.06
"VALE3<XBSP>","2024-12-17",11.432639919,10.644553094,24.538263149,33.175885901,49.576246538,124698.04
"VALE3<XBSP>","2024-12-18",11.135914914,10.200660138,23.837829666,32.318336892,48.427625606,120771.88
"VALE3<XBSP>","2024-12-19",11.153369326,10.209537997,23.968679877,32.188405224,47.50872886,121187.91
"VALE3<XBSP>","2024-12-20",11.261658041,10.440362334,24.245774442,31.919879777,48.259750239,122102.15
"VALE3<XBSP>","2024-12-23",11.252449817,10.253927293,23.776253096,31.928541888,48.462967789,120766.57
"VALE3<XBSP>","2024-12-24","-","-","-","-","-","-"
"VALE3<XBSP>","2024-12-25","-","-","-","-","-","-"
"VALE3<XBSP>","2024-12-26",11.178784024,10.333828025,23.930194521,32.142592151,48.604336519,121077.5
"VALE3<XBSP>","2024-12-27",11.114326456,10.253927293,23.691585312,32.043747166,48.365776787,120269.31
"VALE3<XBSP>","2024-12-30",10.810455061,10.262805152,23.653099955,32.520000278,48.19790142,120283.4
"VALE3<XBSP>","2024-12-31","-","-","-","-","-","-"
"VALE3<XBSP>","2025-01-01","-","-","-","-","-","-"
"VALE3<XBSP>","2025-01-02",10.681539924,10.384850472,23.543469179,33.04118293,47.932835051,120125.39
"VALE3<XBSP>","2025-01-03",10.432917874,10.219670314,22.965857079,32.690732526,47.040444942,118532.68
"VALE3<XBSP>","2025-01-06",10.396084978,10.420413838,23.997857364,32.537972094,46.439627839,120021.52
"VALE3<XBSP>","2025-01-07",10.62629058,10.566409129,24.259708182,33.229886993,45.989015012,121162.66
"VALE3<XBSP>","2025-01-08",10.515791891,10.402164427,23.866931955,32.96030976,45.54723773,119624.51
"VALE3<XBSP>","2025-01-09",10.497375443,10.329166782,23.928543912,33.104084285,45.26450027,119780.56
"VALE3<XBSP>","2025-01-10",10.276378065,10.201420903,23.597379642,33.193943362,45.520731093,118856.48
"VALE3<XBSP>","2025-01-13",10.350043858,10.237919726,23.766812524,33.310760164,45.511895548,119006.93
"VALE3<XBSP>","2025-01-14",10.322419185,10.429538544,23.782215513,33.086112469,45.812304099,119298.67
"VALE3<XBSP>","2025-01-15",10.488167219,10.79452677,24.814215798,33.508450135,46.474970022,122650.2
"VALE3<XBSP>","2025-01-16",10.202712272,10.703279713,24.737200851,33.292788348,46.536818841,121234.14
"VALE3<XBSP>","2025-01-17",10.211920496,10.575533834,24.914335229,33.427576965,48.144888146,122350.38
"VALE3<XBSP>","2025-01-20",10.1750876,10.612032657,25.153081563,33.508450135,47.968177233,122855.15
"VALE3<XBSP>","2025-01-21",10.359252082,10.621157362,25.206992026,33.517436043,47.729617501,123338.34
"VALE3<XBSP>","2025-01-22",10.147462928,10.475162072,25.11457409,33.328731979,46.527983295,122971.77
"VALE3<XBSP>","2025-01-23",10.1750876,10.393039721,25.060663627,33.095098377,46.227574744,122483.32
"VALE3<XBSP>","2025-01-24",10.009339567,10.310917371,24.99905167,32.924366129,46.854898484,122446.94
"VALE3<XBSP>","2025-01-27",10.239545169,10.566409129,25.599768253,33.409605149,47.676604228,124861.5
"VALE3<XBSP>","2025-01-28",10.230336945,10.612032657,25.645977221,33.36467561,46.51914775,124055.5
"VALE3<XBSP>","2025-01-29",10.101421808,10.502536189,25.584365264,33.157999731,46.651680934,123432.12
"VALE3<XBSP>","2025-01-30",10.230336945,11.077392644,26.208186332,33.598309213,48.62200761,126912.78
"VALE3<XBSP>","2025-01-31",10.22112872,11.031769116,26.038753449,33.867886446,47.862150686,126134.94
"VALE3<XBSP>","2025-02-03",10.156671152,11.013519705,25.798071619,33.697154198,47.897492868,125970.46
"VALE3<XBSP>","2025-02-04",10.036964239,10.99430463,25.890537826,33.36467561,47.729617501,125147.42
"VALE3<XBSP>","2025-02-05",9.9632984469,11.250198669,26.283519203,33.1220561,47.985848325,125534.07
"VALE3<XBSP>","2025-02-06",10.000131343,11.405562908,26.329752307,33.059154746,48.710363066,126224.74
"VALE3<XBSP>","2025-02-07",9.9909231191,10.957748338,26.137114376,32.870450682,48.445296697,124619.4
"VALE3<XBSP>","2025-02-10",10.101421808,10.966887411,26.422218513,33.095098377,48.948922798,125571.81
"VALE3<XBSP>","2025-02-11",10.092213583,11.222781451,26.699617133,33.095098377,48.736869703,126521.66
"VALE3<XBSP>","2025-02-12",10.055380687,10.710993371,25.959887481,32.600873448,48.409954515,124380.21
"VALE3<XBSP>","2025-02-13",10.110630032,10.857218537,26.09858679,32.63681708,48.471803334,124850.18
"VALE3<XBSP>","2025-02-14",10.248753393,11.140529795,26.792083339,33.643238752,49.18748253,128218.59
"VALE3<XBSP>","2025-02-17",10.22112872,11.158807941,26.84602196,33.849914631,48.922416162,128552.13
"VALE3<XBSP>","2025-02-18",10.211920496,11.149668868,26.801113949,34.469942268,49.24933135,128531.71
"VALE3<XBSP>","2025-02-19",10.101421808,10.948609265,26.550862583,34.54182953,49.205153622,127308.8
"VALE3<XBSP>","2025-02-20",10.165879376,10.921192047,26.478208961,34.595744977,51.016440476,127600.58
"VALE3<XBSP>","2025-02-21",10.239545169,10.820662246,26.397482714,34.496899991,51.387533393,127128.06
"VALE3<XBSP>","2025-02-24",10.156671152,10.628741716,26.25217547,34.254280481,50.919249474,125401.38
"VALE3<XBSP>","2025-02-25",10.211920496,10.756688736,26.518572085,34.101520049,50.424458919,125979.5
"VALE3<XBSP>","2025-02-26",10.773622165,10.54649006,26.453991087,34.101520049,50.115214822,124768.71
"VALE3<XBSP>","2025-02-27",11.344532057,10.48251655,26.429773213,32.897408405,49.744121905,124798.96
"VALE3<XBSP>","2025-02-28",11.252449817,10.272317875,25.783963238,32.286366676,48.728034158,122799.09
"VALE3<XBSP>","2025-03-03","-","-","-","-","-","-"
"VALE3<XBSP>","2025-03-04","-","-","-","-","-","-"
"VALE3<XBSP>","2025-03-05",11.768110365,10.48251655,26.16976535,31.109212756,49.116798165,123046.85
"VALE3<XBSP>","2025-03-06",11.832567933,10.573120235,26.218227879,30.785720076,49.655766449,123357.55
"VALE3<XBSP>","2025-03-07",12.062773535,10.701279268,26.331307112,31.118198664,50.380281191,125034.63
"VALE3<XBSP>","2025-03-10",12.081189983,10.545657585,26.565542666,31.109212756,49.564922588,124519.38
"VALE3<XBSP>","2025-03-11",11.841776157,10.481578068,26.331307112,30.641945551,49.978040113,123507.35
"VALE3<XBSP>","2025-03-12",11.998315967,10.481578068,26.412077992,30.641945551,49.353773631,123863.5
"VALE3<XBSP>","2025-03-13",12.274562689,10.664662401,26.84016366,30.947466416,50.03312245,125637.11
"VALE3<XBSP>","2025-03-14",12.560017635,11.104064801,27.712489172,31.899972641,51.676412159,128957.09
"VALE3<XBSP>","2025-03-17",12.613557866,11.268840701,28.544429243,32.493042555,52.420023704,130833.96
"VALE3<XBSP>","2025-03-18",12.594967508,11.259686484,28.697893916,32.520000278,52.805600061,131474.73
"VALE3<XBSP>","2025-03-19",12.715804835,11.360382867,28.768972291,32.493042555,52.713796166,132508.45
"VALE3<XBSP>","2025-03-20",12.641443403,11.305457567,28.502428385,32.564929817,52.548549156,131954.9
"VALE3<XBSP>","2025-03-21",12.762280729,11.46107925,28.564621963,33.068140653,52.741337335,132344.88
"VALE3<XBSP>","2025-03-24",12.585672329,11.580084067,28.591276354,33.023211114,52.465925651,131321.44
"VALE3<XBSP>","2025-03-25",12.641443403,11.772322617,28.822281073,33.28380244,52.640353051,132067.69
"VALE3<XBSP>","2025-03-26",12.436949465,11.964561166,28.511313182,33.598309213,52.961666681,132519.63
"VALE3<XBSP>","2025-03-27",12.511310897,11.918790083,28.54685237,33.849914631,53.383964595,133148.75
"VALE3<XBSP>","2025-03-28",12.48342536,11.754014183,28.155921307,33.634252844,52.842321618,131902.18
"VALE3<XBSP>","2025-03-31",12.548491613,11.5983925,27.907146994,33.391633334,52.052808127,130259.54
"VALE3<XBSP>","2025-04-01",12.650738582,11.6150075,27.913947685,33.517436043,52.502647209,131147.29
"VALE3<XBSP>","2025-04-02",12.706509656,11.642058536,27.922837478,33.427576965,52.263957084,131190.34
"VALE3<XBSP>","2025-04-03",12.873822877,11.866123817,28.420665844,32.34926803,50.372796859,131140.65
"VALE3<XBSP>","2025-04-04",12.743690371,11.73541907,27.682813087,31.046311401,48.362291572,127256
"VALE3<XBSP>","2025-04-07",12.251045886,11.539361949,27.73615184,29.815242035,47.783927037,125588.09
"VALE3<XBSP>","2025-04-08",12.30681696,11.221936135,27.745041632,28.754904916,45.167516046,123931.89
"VALE3<XBSP>","2025-04-09",12.706509656,11.642058536,28.251759791,29.923072928,47.600319248,127795.93
"VALE3<XBSP>","2025-04-10",12.641443403,11.623386429,28.136192492,28.062990016,48.454095466,126354.75
"VALE3<XBSP>","2025-04-11",12.529901255,11.782099337,28.278429168,28.620116299,49.261969737,127682.4
"VALE3<XBSP>","2025-04-14",12.715804835,11.884795924,28.740698365,28.512285406,49.904596997,129453.91
"VALE3<XBSP>","2025-04-15",12.697214477,11.894131977,29.105179848,27.856314137,49.399675578,129245.39
"VALE3<XBSP>","2025-04-16",12.911003593,11.87545987,29.060730886,27.856314137,48.252126898,128316.89
"VALE3<XBSP>","2025-04-17",13.013250562,11.93147619,29.11406964,28.395125824,48.54589936,129650.03
"VALE3<XBSP>","2025-04-18","-","-","-","-","-","-"
"VALE3<XBSP>","2025-04-21","-","-","-","-","-","-"
"VALE3<XBSP>","2025-04-22",13.03184092,11.884795924,29.683016344,28.459555608,49.408855968,130464.38
"VALE3<XBSP>","2025-04-23",13.059726457,12.276910164,30.305301802,28.137406692,49.996400892,132216.07
"VALE3<XBSP>","2025-04-24",13.152678246,12.472967285,30.892028091,28.008547126,50.776733994,134580.43
"VALE3<XBSP>","2025-04-25",13.096907172,12.491639392,30.776460792,28.091385419,49.436397136,134739.28
"VALE3<XBSP>","2025-04-28",13.292105931,12.463631232,31.105383105,27.980934362,49.610824535,135015.89
"VALE3<XBSP>","2025-04-29",13.487304689,12.603672032,31.354297289,28.128202437,49.427216747,135092.99
"VALE3<XBSP>","2025-04-30",13.543075763,12.818401259,31.629880849,27.603559918,48.527538581,135066.97
"VALE3<XBSP>","2025-05-01","-","-","-","-","-","-"
"VALE3<XBSP>","2025-05-02",13.124792709,12.547655712,31.547742871,28.358308806,48.472456245,135133.88
"VALE3<XBSP>","2025-05-05",13.069021636,12.434506201,30.987407996,27.299819512,48.619342476,133491.23
"VALE3<XBSP>","2025-05-06",13.20844932,12.378410685,30.827312318,27.750827994,48.656064034,133515.82
"VALE3<XBSP>","2025-05-07",13.264220394,12.191425629,31.165292084,27.87968756,48.564260139,133397.52
"VALE3<XBSP>","2025-05-08",13.357172184,14.098673197,31.414329806,28.266266258,48.417373908,136231.9
"VALE3<XBSP>","2025-05-09",13.273515573,14.136070208,33.113122839,28.450351353,48.610162086,136511.88
"VALE3<XBSP>","2025-05-12",13.282810752,13.930386647,32.446057512,29.131466202,49.831153882,136563.18
"VALE3<XBSP>","2025-05-13",13.245630036,14.229562736,32.846296708,29.573270429,50.648208542,138963.11
"VALE3<XBSP>","2025-05-14",13.227039678,14.21086423,33.068651817,29.370776825,50.400338027,138422.84
"VALE3<XBSP>","2025-05-15",13.3943529,14.351103022,33.513362035,29.333959806,50.905259447,139334.38
"VALE3<XBSP>","2025-05-16",13.495640542,14.397849286,33.709034531,29.472023627,50.941981004,139187.39
"VALE3<XBSP>","2025-05-19",13.429991144,14.528738825,34.109273727,29.435206608,50.804275163,139636.41
"VALE3<XBSP>","2025-05-20",13.401855688,14.668977617,34.064802706,29.55486192,50.813455552,140109.63
"VALE3<XBSP>","2025-05-21",13.279935377,14.407198539,33.37994897,29.22350875,50.161647902,137881.27
"VALE3<XBSP>","2025-05-22",13.223664465,14.44459555,33.148699656,28.836930051,49.785251935,137272.59
"VALE3<XBSP>","2025-05-23",13.354963261,14.622231353,33.548938853,28.901359834,49.86787544,137824.29
"VALE3<XBSP>","2025-05-26",13.373720232,14.697025375,33.620092488,28.809317287,49.583283367,138136.14
"VALE3<XBSP>","2025-05-27",13.317449319,14.996201464,33.886918618,29.021015146,49.427216747,139541.23
"VALE3<XBSP>","2025-05-28",13.223664465,15.099043245,33.611198283,28.928972598,49.032460001,138887.81
"VALE3<XBSP>","2025-05-29",13.186150523,15.033598475,33.344372152,28.754091759,49.069181558,138533.7
"VALE3<XBSP>","2025-05-30",13.158015067,15.145789509,33.291006926,28.441147098,47.829828984,137026.62
"VALE3<XBSP>","2025-06-02",13.045473241,15.18318652,33.057557392,28.606823683,48.252126898,136786.65
"VALE3<XBSP>","2025-06-03",13.139258096,15.44431222,32.950776588,28.615514712,48.22458573,137546.26
"VALE3<XBSP>","2025-06-04",13.204907494,15.397511274,32.870690984,27.828540649,48.444915077,137001.58
"VALE3<XBSP>","2025-06-05",13.0079593,14.948222191,32.470262968,27.838022264,48.573440529,136236.37
"VALE3<XBSP>","2025-06-06",13.204907494,14.938862002,32.550348571,28.094025875,48.637703255,136102.1
"VALE3<XBSP>","2025-06-09",13.092365669,14.826539731,32.381278964,27.657871575,48.922295327,135699.38
"VALE3<XBSP>","2025-06-10",12.942309902,14.817179542,32.331075988,28.492253714,49.252789347,136436.07
"VALE3<XBSP>","2025-06-11",13.045473241,15.275828814,32.627444184,29.440415235,48.821311044,137128.04
"VALE3<XBSP>","2025-06-12",12.942309902,15.425591841,32.878908108,30.1041283,48.499997413,137799.74
"VALE3<XBSP>","2025-06-13",12.792254135,15.247748246,32.483750513,30.843694287,47.857370152,137212.63
"VALE3<XBSP>","2025-06-16",12.829768076,15.575354869,33.076486906,30.5402826,49.418036357,139255.91
"VALE3<XBSP>","2025-06-17",12.632819882,15.8093596,33.274065704,31.23244051,47.196382113,138840.02
"VALE3<XBSP>","2025-06-18",12.651576853,15.68767714,33.076486906,31.203995665,47.040315492,138716.64
"VALE3<XBSP>","2025-06-19","-","-","-","-","-","-"
"VALE3<XBSP>","2025-06-20",12.689090795,15.556634491,32.905850672,31.118661128,45.828504086,137115.83
"VALE3<XBSP>","2025-06-23",12.717226251,15.434952031,32.834003836,30.34116868,46.406868621,136550.5
"VALE3<XBSP>","2025-06-24",12.670333824,15.481752977,33.453682793,29.743826922,46.397688231,137164.61
"VALE3<XBSP>","2025-06-25",12.332708348,15.350710328,32.851965545,29.592121079,46.342605895,135767.29
"VALE3<XBSP>","2025-06-26",12.492142601,15.491113166,32.609482475,29.829161459,47.73802509,137113.89
"VALE3<XBSP>","2025-06-27",12.332708348,15.509833545,32.573559057,29.592121079,48.656064034,136865.79
"VALE3<XBSP>","2025-06-30",12.492142601,15.753198464,33.184257159,29.753308537,48.334750403,138854.6
"VALE3<XBSP>","2025-07-01",12.548413513,15.893420167,33.334893139,29.857606305,48.986558053,139549.43
"VALE3<XBSP>","2025-07-02",12.80163262,15.606263777,33.065338747,30.388576757,50.767553605,139050.93
"VALE3<XBSP>","2025-07-03",12.642198368,15.978295737,33.882987069,30.492874524,50.528863479,140927.86
"VALE3<XBSP>","2025-07-04",12.679712309,15.901981489,33.900957362,30.454948063,50.675749711,141263.56
"VALE3<XBSP>","2025-07-07",12.567170484,15.749352993,33.451700042,30.398058372,49.932138166,139489.7
"VALE3<XBSP>","2025-07-08",12.548413513,15.787510117,33.370833724,30.834212672,50.106565565,139302.85
"VALE3<XBSP>","2025-07-09",12.482764115,15.606263777,32.678977452,30.644580367,49.610824535,137480.79
"VALE3<XBSP>","2025-07-10",12.407736232,15.396399594,31.672641055,30.568727446,50.749192826,136743.26
"VALE3<XBSP>","2025-07-11",12.47338563,15.310546065,31.41207181,30.938510439,51.410180866,136187.31
"VALE3<XBSP>","2025-07-14",12.464007144,15.367781751,31.358160931,30.530800985,50.822635942,135298.99
"VALE3<XBSP>","2025-07-15",12.445250173,15.35824247,31.465982688,30.293760604,49.491479473,135250.1
"VALE3<XBSP>","2025-07-16",12.829768076,15.320085346,31.618730177,30.142054761,49.941318555,135510.99
"VALE3<XBSP>","2025-07-17",12.623441397,15.291467503,32.094942936,29.838643074,49.849514661,135564.74
"VALE3<XBSP>","2025-07-18",12.492142601,14.948053385,31.51090842,29.383525544,50.088204786,133381.58
"VALE3<XBSP>","2025-07-21",12.585927455,14.957592666,31.879299422,29.440415235,51.456082813,134166.72
"VALE3<XBSP>","2025-07-22",12.567170484,14.909896261,31.448012395,29.724863692,52.787239282,134035.72
"VALE3<XBSP>","2025-07-23",12.745361707,15.148378287,31.798433105,30.331687065,52.713796166,135368.27
"VALE3<XBSP>","2025-07-24",12.660955338,14.957592666,31.501923273,30.284278989,51.896741506,133807.59
"VALE3<XBSP>","2025-07-25",12.632819882,14.843121294,31.636700469,30.32220545,51.134769183,133524.18
"VALE3<XBSP>","2025-07-28",12.248301979,14.728649922,30.971799636,30.360131911,50.639028153,132129.26
"VALE3<XBSP>","2025-07-29",12.37022229,14.700032078,31.151502564,30.75835975,50.326894912,132725.68
"VALE3<XBSP>","2025-07-30",12.332708348,14.938514104,31.51090842,31.071253052,49.427216747,133989.74
"VALE3<XBSP>","2025-07-31",11.685592853,14.814503451,31.591774737,30.947992054,49.078361948,133071.05
"VALE3<XBSP>","2025-08-01",11.526158601,14.843121294,31.400879326,30.5402826,49.344593242,132437.39
"VALE3<XBSP>","2025-08-04",11.638700426,14.956753278,31.733496714,30.492874524,49.739349988,132971.2
"VALE3<XBSP>","2025-08-05",11.591807999,14.985406062,32.084093419,30.635098752,49.675087261,133151.3
"VALE3<XBSP>","2025-08-06",11.704349824,14.966304206,32.48862808,30.673025213,49.362954021,134537.62
"VALE3<XBSP>","2025-08-07",11.760620737,15.080915342,33.063966264,30.843694287,49.675087261,136527.61
"VALE3<XBSP>","2025-08-08",11.721108189,15.243281118,33.288707742,28.947371244,50.85017711,135913.25
"VALE3<XBSP>","2025-08-11",11.664255603,15.18597555,33.495469902,29.127521933,50.795094773,135623.15
"VALE3<XBSP>","2025-08-12",11.588452155,15.539359887,34.187673655,29.203374855,51.327557361,137913.68
"VALE3<XBSP>","2025-08-13",11.484222413,15.405646895,33.864045926,28.985297705,51.399194493,136687.32
"VALE3<XBSP>","2025-08-14",11.389468103,15.291035758,33.819097631,28.615514712,50.762524863,136355.78
"VALE3<XBSP>","2025-08-15",11.408418965,15.310137614,33.702232062,28.606033097,50.667499545,136340.77
"VALE3<XBSP>","2025-08-18",11.436845258,15.615767311,33.944952858,28.786183786,50.553469163,137321.64
"VALE3<XBSP>","2025-08-19",11.436845258,15.080915342,32.958644323,28.482772099,50.591479291,134432.26
"VALE3<XBSP>","2025-08-20",11.465271551,15.128669982,32.976798355,28.653441173,50.363418528,134666.46
"VALE3<XBSP>","2025-08-21",11.427369827,15.080915342,33.013106418,28.719812479,50.791032458,134510.85
"VALE3<XBSP>","2025-08-22",11.569501293,15.577563599,33.938962028,29.545899231,52.064371719,137968.15
"VALE3<XBSP>","2025-08-25",11.484222413,15.615767311,33.766498728,29.720440151,52.187904633,138025.17
"VALE3<XBSP>","2025-08-26",11.541075,15.577563599,33.539573333,29.507112359,52.653528691,137771.39
"VALE3<XBSP>","2025-08-27",11.512648706,15.692174735,34.102348312,29.730136869,52.625021095,139205.81
"VALE3<XBSP>","2025-08-28",11.607403017,16.036008144,34.810355544,29.991948251,52.644026159,141049.2
"VALE3<XBSP>","2025-08-29",11.702157327,16.074211856,34.937433765,30.156792454,52.796066668,141422.26
"VALE3<XBSP>","2025-09-01",11.654780172,15.969151648,35.216816269,30.224669479,52.834076795,141283.01
"VALE3<XBSP>","2025-09-02",11.522124137,15.786497577,34.617458385,30.379816964,52.634523627,140335.16
"VALE3<XBSP>","2025-09-03",11.275762931,15.776935797,34.317779443,30.118005583,52.834076795,139863.63
"VALE3<XBSP>","2025-09-04",11.522124137,16.092474514,34.453997144,30.118005583,52.938604645,140993.25
"VALE3<XBSP>","2025-09-05",11.607403017,16.484507464,34.835406707,29.662259845,53.423233766,142640.14
"VALE3<XBSP>","2025-09-08",11.503173275,16.39845145,34.671945466,29.778620458,53.556269212,141791.58
"VALE3<XBSP>","2025-09-09",11.683206465,16.245462982,34.372266524,30.011341686,53.394726171,141618.29
"VALE3<XBSP>","2025-09-10",11.711632758,16.130721631,34.399510064,30.554357885,53.765324911,142348.7
"VALE3<XBSP>","2025-09-11",11.863239655,16.283710099,34.463078324,30.437997271,54.18343631,143150.84
"VALE3<XBSP>","2025-09-12",11.920092241,16.092474514,33.945451061,30.234366197,54.164431247,142271.58
"VALE3<XBSP>","2025-09-15",11.967469396,16.283710099,34.508484225,30.496177578,54.639557836,143546.58
"VALE3<XBSP>","2025-09-16",12.043272844,16.245462982,34.417672424,30.573751321,54.829608472,144061.74
"VALE3<XBSP>","2025-09-17",12.119076293,16.809607959,34.908056147,30.757988959,54.92463379,145593.63
"VALE3<XBSP>","2025-09-18",11.863239655,16.637495932,34.953462047,30.457390707,54.820105941,145499.49
"VALE3<XBSP>","2025-09-19",11.891665948,16.93391109,35.41660223,30.118005583,55.038664172,145865.11
"VALE3<XBSP>","2025-09-22",11.711632758,16.962596427,34.908056147,30.418603835,55.114684426,145109.25
"VALE3<XBSP>","2025-09-23",11.806387069,17.067775999,35.462008131,30.93252988,54.801100877,146424.94
"VALE3<XBSP>","2025-09-24",11.73058362,16.93391109,35.225897449,31.630693564,55.010156577,146491.75
"VALE3<XBSP>","2025-09-25",11.806387069,16.80004618,34.944380867,31.378578901,55.314237594,145306.23
"VALE3<XBSP>","2025-09-26",11.806387069,16.886102193,35.116923289,31.271915004,54.249954033,145446.66
"VALE3<XBSP>","2025-09-29",11.759009913,17.05821422,35.31670925,30.84525942,54.430502137,146336.8
"VALE3<XBSP>","2025-09-30",11.45579612,17.201310259,35.480170491,30.505874296,54.715578091,146237.02
"VALE3<XBSP>","2025-10-01",11.36104181,16.909597819,34.842065543,30.428300553,55.409262912,145517.35
"VALE3<XBSP>","2025-10-02",11.304189224,16.636037513,34.4604836,30.137399018,55.779861652,143949.64
"VALE3<XBSP>","2025-10-03",11.247336637,16.645771883,34.714871562,30.059825276,55.675333802,144200.65
"VALE3<XBSP>","2025-10-06",11.228385775,16.548428187,34.31511905,29.788317176,56.625586982,143608.08
"VALE3<XBSP>","2025-10-07",11.095729741,16.275865841,33.770001988,29.894981072,55.827374311,141356.43
"VALE3<XBSP>","2025-10-08",11.256812069,16.538693818,33.833598979,29.720440151,56.254988242,142145.38
"VALE3<XBSP>","2025-10-09",11.105205172,16.626303144,33.779087273,29.293784567,56.169465456,141708.19
"VALE3<XBSP>","2025-10-10",11.190484051,16.402412645,33.742746135,29.031973186,55.941404693,140680.34
"VALE3<XBSP>","2025-10-13",11.237861206,16.470553231,33.879025401,29.313178003,56.777627491,141783.36
"VALE3<XBSP>","2025-10-14",11.417894396,16.7041781,34.024389951,29.109546928,56.777627491,141682.99
"VALE3<XBSP>","2025-10-15",11.36104181,16.89886549,34.024389951,28.847735547,57.83240852,142603.66
"VALE3<XBSP>","2025-10-16",11.512648706,17.093552881,33.942622391,28.556834012,57.30026674,142200.02
"VALE3<XBSP>","2025-10-17",11.721108189,17.210365315,34.060731088,28.828342111,57.138723699,143398.63
"VALE3<XBSP>","2025-10-20",11.711632758,17.531599509,34.66944514,28.847735547,57.870418648,144509.32
"VALE3<XBSP>","2025-10-21",11.578976724,17.297974641,34.342374903,28.615014319,57.77539333,144085.15
"VALE3<XBSP>","2025-10-22",11.436845258,17.31744338,34.624018719,28.944702725,58.801666764,144872.79
"VALE3<XBSP>","2025-10-23",11.484222413,17.502396401,34.596762866,29.274391131,58.687636382,145720.98
"VALE3<XBSP>","2025-10-24",11.474746982,17.599740096,34.551336444,28.935006007,58.659128787,146172.21
"VALE3<XBSP>","2025-10-27",11.512648706,17.745755639,34.842065543,29.090153492,58.592611064,146969.1
"VALE3<XBSP>","2025-10-28",11.398943534,17.755490008,34.96017424,29.080456775,59.105747781,147428.9
"VALE3<XBSP>","2025-10-29",11.398943534,18.32981781,35.741508696,29.109546928,60.179533874,148632.93
"VALE3<XBSP>","2025-10-30",11.929567672,17.619208835,35.696082274,28.983489596,60.635655401,148780.22
"VALE3<XBSP>","2025-10-31",12.043272844,17.677615052,35.832361539,28.847735547,62.013522511,149540.43
"VALE3<XBSP>","2025-11-03",12.232781465,17.872302442,36.430122773,29.187120671,62.099045298,150454.24
"VALE3<XBSP>","2025-11-04",12.469667241,17.929770093,36.321050549,29.332571438,61.405360476,150704.2
"VALE3<XBSP>","2025-11-05",12.488618103,18.309803263,36.475569533,29.914374508,62.460141506,153294.44
"VALE3<XBSP>","2025-11-06",12.393863793,18.231847741,36.475569533,30.069521993,62.241583275,153338.63
"VALE3<XBSP>","2025-11-07",12.431765517,18.251336622,36.511926941,31.20403798,61.557400985,154063.53
"VALE3<XBSP>","2025-11-10",12.488618103,18.592392031,36.757339444,31.378578901,61.966009852,155257.31
"VALE3<XBSP>","2025-11-11",12.877110775,18.991914082,37.4663089,32.193103198,61.804466812,157748.6
"VALE3<XBSP>","2025-11-12",12.905537069,18.943191881,36.611909813,31.368882183,62.488649101,157632.9
"VALE3<XBSP>","2025-11-13",12.9150125,18.982169642,36.757339444,31.504636232,62.403126315,157162.43
"VALE3<XBSP>","2025-11-14",12.971865086,18.972425201,36.902769076,31.708267307,62.023025043,157738.69
"VALE3<XBSP>","2025-11-17",13.038193103,18.826258597,36.630088517,31.882808228,61.975512384,156992.93
"VALE3<XBSP>","2025-11-18",13.019242241,18.602136471,36.448301477,31.989472124,61.785461748,156522.13
"VALE3<XBSP>","2025-11-19",12.706553017,18.416992106,36.221067677,31.824627921,61.718944026,155380.66
"VALE3<XBSP>","2025-11-20","-","-","-","-","-","-"
"VALE3<XBSP>","2025-11-21",12.905537069,18.309803263,36.330139901,31.582209975,61.918497193,154770.1
"VALE3<XBSP>","2025-11-24",13.047668534,18.319547703,36.193799621,31.553119822,61.851979471,155277.56
"VALE3<XBSP>","2025-11-25",13.019242241,18.465714308,36.275603789,31.301005158,62.336608593,155910.18
"VALE3<XBSP>","2025-11-26",12.952914224,19.021147403,37.130002876,31.252521569,63.267856709,158554.94
"VALE3<XBSP>","2025-11-27",13.000291379,18.982169642,37.002751948,31.417365772,63.030293414,158359.76
"VALE3<XBSP>","2025-11-28",13.132947413,19.147825126,37.848061683,30.825865984,64.047064316,159072.13
"VALE3<XBSP>","2025-12-01",13.275078879,18.855491918,37.554942177,30.884046291,64.54119597,158611.01
"VALE3<XBSP>","2025-12-02",13.265603448,19.059326054,38.39151716,31.097374083,65.07333775,161092.25
"VALE3<XBSP>","2025-12-03",13.407734913,18.532609777,38.39151716,31.330095311,67.173397277,161755.18
"VALE3<XBSP>","2025-12-04",13.218226293,18.795967916,39.337210619,31.533726386,68.342208689,164455.61
"VALE3<XBSP>","2025-12-05",12.896061637,17.674257324,37.518569352,30.418603835,66.726778283,157369.36
"VALE3<XBSP>","2025-12-08",12.905537069,17.801059391,37.700433478,30.699808652,66.270656757,158187.43
"VALE3<XBSP>","2025-12-09",12.924487931,17.566963267,37.618594621,30.893743009,66.308666884,157981.13
"VALE3<XBSP>","2025-12-10",12.886586206,17.879091432,37.914656756,30.971316752,67.524990954,159074.97
"VALE3<XBSP>","2025-12-11",13.057143965,18.08392554,37.885817007,30.311939939,68.418228943,159189.1
"VALE3<XBSP>","2025-12-12",13.303505172,18.200973602,38.222280746,30.631931628,68.61,160766.37
"VALE3<XBSP>","2025-12-15",13.530915517,18.454577735,38.799075727,30.738595524,69.03,162481.74
"VALE3<XBSP>","2025-12-16",13.417210344,17.947369468,37.79929776,29.807710612,69.29,158577.88
"VALE3<XBSP>","2025-12-17",13.28455431,17.801059391,37.462834021,30.137399018,70.17,157327.26
"VALE3<XBSP>","2025-12-18",13.1898,17.879091432,37.655099014,29.962858097,70.35,157923.34
"VALE3<XBSP>","2025-12-19",13.28,18.044909519,38.001176003,30.069521993,70.85,158473.02
"VALE3<XBSP>","2025-12-22",13.12,17.791305386,38.078082,30.156792454,72.92,158141.65
"VALE3<XBSP>","2025-12-23",13.47,17.957123473,38.70294323,30.31,72.9,160455.83
"VALE3<XBSP>","2025-12-24","-","-","-","-","-","-"
"VALE3<XBSP>","2025-12-25","-","-","-","-","-","-"
"VALE3<XBSP>","2025-12-26",13.72,17.947369468,38.715440454,30.41,73.12,160896.64
"VALE3<XBSP>","2025-12-29",13.87,18.035155514,38.596620688,30.73,72.12,160490.3
"VALE3<XBSP>","2025-12-30",13.86,18.121138596,38.844161868,30.82,71.96,161125.37
"VALE3<XBSP>","2025-12-31","-","-","-","-","-","-"
"VALE3<XBSP>","2026-01-01","-","-","-","-","-","-"
"VALE3<XBSP>","2026-01-02",13.65,18.151025026,38.782397309,30.71,72.38,160538.69
"VALE3<XBSP>","2026-01-05",13.71,18.917887379,39.347045239,30.2,73.12,161869.76
"VALE3<XBSP>","2026-01-06",13.7,19.027585197,39.584791736,29.64,75.87,163663.88
"VALE3<XBSP>","2026-01-07",13.7,18.788244503,38.950801078,29.83,76.32,161975.24
"VALE3<XBSP>","2026-01-08",13.64,18.469123577,39.555073424,30.2,75.58,162936.48
"VALE3<XBSP>","2026-01-09",13.9,18.489068635,39.475824592,30.3,74.72,163370.31
"VALE3<XBSP>","2026-01-12",13.9,18.34945323,39.119204846,30.36,74.74,163150.35
"VALE3<XBSP>","2026-01-13",13.91,18.140030123,38.802209517,31.14,75.35,161973.05
"VALE3<XBSP>","2026-01-14",14.2,18.469123577,39.228171991,31.99,78.92,165145.98
"VALE3<XBSP>","2026-01-15",14.04,18.848079676,39.564979528,31.79,78.85,165568.32
"VALE3<XBSP>","2026-01-16",14.1,18.858052205,39.238078095,32.04,78.88,164799.98
"VALE3<XBSP>","2026-01-19",14.09,18.848079676,39.178641471,32.17,78.57,164849.27
"VALE3<XBSP>","2026-01-20",14.07,19.117337958,39.54516732,32.29,80.08,166276.9
"VALE3<XBSP>","2026-01-21",14.31,19.705717164,41.278735527,33.43,82.5,171816.67
"VALE3<XBSP>","2026-01-22",14.59,20.244233727,42.675496196,33.58,82.98,175589.35
"VALE3<XBSP>","2026-01-23",14.9,20.732887644,43.160895294,35.04,85.02,178858.54
"VALE3<XBSP>","2026-01-26",15.05,20.822640405,43.735449328,35.36,83.07,178720.68
"VALE3<XBSP>","2026-01-27",14.87,21.371129496,44.894463501,36.13,84.9,181919.13
"VALE3<XBSP>","2026-01-28",14.95,21.660332835,45.904886112,37.34,86.97,184691.05
"VALE3<XBSP>","2026-01-29",14.76,21.381102025,45.716670136,37.7,87.41,183133.75
"VALE3<XBSP>","2026-01-30",14.85,21.251459148,45.072773373,37.76,84.32,181363.9
"VALE3<XBSP>","2026-02-02",15.06,21.52071743,45.467374289,37.24,84.82,182793.4
"VALE3<XBSP>","2026-02-03",15.38,21.639469818,45.725035957,37.58,88.99,185674.43
"VALE3<XBSP>","2026-02-04",15.3,20.94077845,44.218706207,37.52,89.43,181708.23
"VALE3<XBSP>","2026-02-05",15.48,21.110460639,45.11061198,37,86.45,182127.25
"VALE3<XBSP>","2026-02-06",15.42,20.571470155,46.32954987,36.65,85.63,182949.78
"VALE3<XBSP>","2026-02-09",15.39,20.870909313,47.875519876,37.32,87.31,186241.15
"VALE3<XBSP>","2026-02-10",15.66,20.880890618,47.984530582,37.35,87.05,185929.33
"VALE3<XBSP>","2026-02-11",15.77,21.499731545,48.925986675,38.08,90.09,189699.12
"VALE3<XBSP>","2026-02-12",16.52,21.190311081,47.806149427,37.11,89.23,187766.42
"VALE3<XBSP>","2026-02-13",16.35,20.930797144,47.340376412,36.89,87.03,186464.3
"VALE3<XBSP>","2026-02-16","-","-","-","-","-","-"
"VALE3<XBSP>","2026-02-17","-","-","-","-","-","-"
"VALE3<XBSP>","2026-02-18",16.13,20.870909313,47.558397823,37.19,83.92,186016.31
"VALE3<XBSP>","2026-02-19",16.17,21.290124134,48.113361416,37.81,84.09,188534.42
"VALE3<XBSP>","2026-02-20",16.03,21.71932026,48.787245777,37.97,86.81,190534.42
"VALE3<XBSP>","2026-02-23",16.19,21.190311081,47.02325436,38.59,87.39,188853.49
"VALE3<XBSP>","2026-02-24",16.58,21.359993271,47.736778978,39.57,87.73,191490.4
"VALE3<XBSP>","2026-02-25",16.44,21.13042325,47.360196541,39.57,89.97,191247.46
"VALE3<XBSP>","2026-02-26",16.41,20.94077845,47.241275771,39.61,89.21,191005.02
"VALE3<XBSP>","2026-02-27",16.27,21.110460639,46.359280062,39.33,88.47,188786.98
"VALE3<XBSP>","2026-03-02",15.91,21.190311081,45.524708651,41.13,88.16,189307.02
"VALE3<XBSP>","2026-03-03",15.57,20.18027323,43.997965373,40.95,84.48,183104.87
"VALE3<XBSP>","2026-03-04",15.6,20.469990024,44.622542169,40.5,84.09,185366.44
"VALE3<XBSP>","2026-03-05",15.29,19.810634562,43.13545456,40.69,81.29,180463.84
"VALE3<XBSP>","2026-03-06",15.23,19.530908002,42.560447352,42.11,78.86,179364.82
"VALE3<XBSP>","2026-03-09",15.41,19.530908002,42.788467452,43.16,79.26,180915.36
"VALE3<XBSP>","2026-03-10",15.45,20.010439247,43.422958165,42.93,80.56,183447
"VALE3<XBSP>","2026-03-11",15.43,19.920527139,43.512183421,44.8,79.85,183969.35
"VALE3<XBSP>","2026-03-12",14.95,19.371064254,42.322513335,45,79.24,179284.49
"VALE3<XBSP>","2026-03-13",15,18.971454883,42.03500973,44.67,78.3,177653.31
"VALE3<XBSP>","2026-03-16",15.1,18.981445117,42.629844774,45.58,78.84,179875.44
"VALE3<XBSP>","2026-03-17",15.02,18.831591603,42.342341169,46.38,78.96,180409.73
"VALE3<XBSP>","2026-03-18",14.74,18.611806449,41.916042722,47,77.13,179639.91
"VALE3<XBSP>","2026-03-19",14.77,18.621796684,42.213460243,46.78,76.63,180270.62
"VALE3<XBSP>","2026-03-20",14.47,18.312099421,41.532625067,45.67,75.55,176219.4
"VALE3<XBSP>","2026-03-23",14.66,18.981445117,42.762110719,46.03,77.49,181931.93
"VALE3<XBSP>","2026-03-24",14.7,18.921503712,42.522211079,47.27,78.1,182509.14
"VALE3<XBSP>","2026-03-25",15.01,19.261171677,43.081976904,47.5,79.55,185424.28
"VALE3<XBSP>","2026-03-26",14.83,18.8016209,41.922461981,48.02,78.91,182732.67
"VALE3<XBSP>","2026-03-27",14.76,18.501913872,41.432666884,49.41,79,181556.76
"VALE3<XBSP>","2026-03-30",14.84,18.451962701,41.582604158,49.67,79.5,182514.2
"VALE3<XBSP>","2026-03-31",15.25,19.1512791,43.461818,48.67,82.48,187461.84
"VALE3<XBSP>","2026-04-01",15.36,19.411025191,43.83,47.37,83,187952.91
"VALE3<XBSP>","2026-04-02",15.28,19.12,43.3,48.15,83.55,188052.02
